# vtime(s),emu-avail(%) for mode:combinatory target-avail(%)=0.6000
1,0.0000
6,0.5000
9,0.6667
14,0.7500
15,0.8000
19,0.8333
22,0.8571
25,0.8750
27,0.8889
31,0.9000
36,0.9091
40,0.8333
41,0.7692
44,0.7143
48,0.6667
50,0.6875
53,0.7059
57,0.7222
58,0.7368
59,0.7500
61,0.7619
63,0.7727
64,0.7826
67,0.7500
71,0.7200
71,0.6923
73,0.7037
74,0.7143
79,0.7241
80,0.7333
84,0.7419
86,0.7500
89,0.7576
94,0.7647
94,0.7714
99,0.7778
102,0.7838
102,0.7895
104,0.7949
108,0.8000
110,0.8049
111,0.8095
114,0.8140
117,0.8182
121,0.8222
125,0.8261
126,0.8298
129,0.8333
130,0.8367
133,0.8400
134,0.8431
134,0.8462
138,0.8491
140,0.8519
142,0.8545
146,0.8393
149,0.8246
151,0.8103
153,0.7966
157,0.7833
158,0.7705
160,0.7742
163,0.7778
165,0.7812
167,0.7846
169,0.7879
172,0.7910
175,0.7941
176,0.7971
180,0.8000
181,0.8028
184,0.8056
189,0.7945
191,0.7838
195,0.7733
198,0.7632
201,0.7532
203,0.7436
206,0.7468
208,0.7500
209,0.7531
212,0.7561
215,0.7590
219,0.7619
223,0.7647
226,0.7674
226,0.7701
227,0.7727
227,0.7753
227,0.7778
232,0.7802
235,0.7826
236,0.7849
238,0.7872
241,0.7895
242,0.7917
246,0.7938
251,0.7959
254,0.7980
254,0.8000
259,0.8020
259,0.8039
259,0.8058
263,0.8077
266,0.8095
266,0.8113
270,0.8131
274,0.8148
276,0.8165
281,0.8182
282,0.8198
284,0.8214
284,0.8230
284,0.8246
286,0.8261
289,0.8276
292,0.8291
295,0.8305
298,0.8319
300,0.8333
302,0.8347
303,0.8361
306,0.8374
309,0.8387
312,0.8400
313,0.8413
313,0.8425
317,0.8438
322,0.8450
325,0.8462
329,0.8473
332,0.8485
336,0.8496
337,0.8507
337,0.8519
339,0.8529
339,0.8540
343,0.8551
347,0.8561
350,0.8571
351,0.8582
355,0.8592
358,0.8601
362,0.8611
365,0.8621
369,0.8630
371,0.8639
375,0.8649
379,0.8658
383,0.8667
388,0.8675
388,0.8684
392,0.8693
394,0.8701
396,0.8645
400,0.8590
402,0.8535
403,0.8481
407,0.8428
408,0.8375
409,0.8323
413,0.8333
415,0.8344
418,0.8354
423,0.8364
425,0.8373
427,0.8383
431,0.8393
433,0.8402
433,0.8412
436,0.8421
438,0.8430
438,0.8439
443,0.8448
443,0.8457
445,0.8466
449,0.8475
452,0.8483
453,0.8492
455,0.8500
457,0.8508
461,0.8516
464,0.8525
466,0.8533
469,0.8541
469,0.8548
474,0.8556
477,0.8564
478,0.8571
479,0.8579
480,0.8586
485,0.8542
485,0.8497
489,0.8454
489,0.8410
490,0.8367
494,0.8325
496,0.8283
497,0.8241
500,0.8200
503,0.8159
508,0.8119
511,0.8079
511,0.8039
514,0.8000
518,0.8010
521,0.8019
525,0.8029
528,0.8038
530,0.8048
534,0.8057
537,0.8066
538,0.8075
539,0.8084
540,0.8093
544,0.8102
544,0.8111
546,0.8119
548,0.8128
550,0.8136
553,0.8145
557,0.8153
559,0.8161
562,0.8170
564,0.8178
565,0.8186
565,0.8194
568,0.8202
568,0.8210
569,0.8217
572,0.8225
574,0.8233
574,0.8240
576,0.8248
581,0.8255
582,0.8263
585,0.8270
586,0.8277
587,0.8285
591,0.8292
596,0.8299
598,0.8306
602,0.8313
604,0.8320
606,0.8327
609,0.8333
611,0.8340
611,0.8347
614,0.8353
614,0.8360
617,0.8367
621,0.8373
622,0.8379
623,0.8386
627,0.8392
628,0.8398
629,0.8405
632,0.8411
635,0.8417
638,0.8423
639,0.8429
643,0.8435
645,0.8441
649,0.8447
650,0.8453
652,0.8459
656,0.8464
658,0.8470
659,0.8476
664,0.8481
666,0.8487
666,0.8493
668,0.8498
668,0.8504
668,0.8509
672,0.8514
676,0.8520
677,0.8525
681,0.8530
683,0.8536
684,0.8541
687,0.8546
691,0.8551
692,0.8556
696,0.8526
696,0.8497
701,0.8467
702,0.8438
705,0.8408
706,0.8379
711,0.8351
712,0.8322
713,0.8294
714,0.8265
715,0.8237
717,0.8209
718,0.8182
722,0.8154
725,0.8127
726,0.8100
727,0.8073
728,0.8046
729,0.8020
731,0.7993
734,0.7967
736,0.7941
739,0.7915
742,0.7890
746,0.7864
746,0.7839
748,0.7814
751,0.7788
756,0.7764
761,0.7739
761,0.7714
762,0.7690
765,0.7666
765,0.7642
766,0.7618
767,0.7594
770,0.7570
775,0.7547
779,0.7523
781,0.7500
782,0.7477
784,0.7454
786,0.7431
789,0.7439
793,0.7447
796,0.7455
798,0.7462
799,0.7470
804,0.7477
807,0.7485
808,0.7493
810,0.7500
812,0.7507
814,0.7515
816,0.7522
818,0.7529
818,0.7537
822,0.7544
825,0.7551
830,0.7558
833,0.7565
838,0.7572
840,0.7579
842,0.7586
847,0.7593
851,0.7600
855,0.7607
855,0.7614
857,0.7620
859,0.7627
859,0.7634
861,0.7640
864,0.7647
866,0.7654
869,0.7660
873,0.7667
877,0.7645
881,0.7624
885,0.7603
887,0.7582
889,0.7562
891,0.7541
895,0.7520
896,0.7500
900,0.7480
904,0.7459
908,0.7439
911,0.7419
913,0.7399
916,0.7380
917,0.7360
919,0.7340
923,0.7321
927,0.7302
927,0.7282
931,0.7263
936,0.7244
936,0.7225
937,0.7206
939,0.7188
941,0.7169
945,0.7150
946,0.7132
950,0.7113
950,0.7095
955,0.7077
956,0.7059
960,0.7041
963,0.7023
965,0.7005
965,0.6987
968,0.6970
972,0.6952
976,0.6935
977,0.6917
982,0.6900
984,0.6883
988,0.6866
989,0.6849
993,0.6856
996,0.6864
997,0.6872
1001,0.6880
1005,0.6887
1005,0.6895
1007,0.6902
1009,0.6910
1010,0.6917
1013,0.6925
1013,0.6932
1015,0.6940
1017,0.6947
1022,0.6954
1022,0.6962
1025,0.6969
1030,0.6976
1031,0.6983
1031,0.6991
1036,0.6998
1039,0.7005
1042,0.7012
1046,0.7019
1049,0.7026
1051,0.7033
1054,0.7040
1056,0.7047
1059,0.7053
1061,0.7060
1062,0.7067
1063,0.7074
1067,0.7080
1070,0.7087
1074,0.7094
1076,0.7100
1079,0.7107
1080,0.7114
1084,0.7120
1087,0.7127
1090,0.7133
1092,0.7140
1093,0.7146
1097,0.7152
1098,0.7159
1101,0.7165
1103,0.7171
1105,0.7178
1107,0.7184
1110,0.7190
1113,0.7196
1115,0.7203
1119,0.7209
1122,0.7215
1125,0.7221
1125,0.7227
1126,0.7233
1128,0.7239
1129,0.7245
1130,0.7251
1132,0.7257
1133,0.7263
1137,0.7269
1141,0.7275
1145,0.7281
1147,0.7286
1147,0.7292
1151,0.7277
1152,0.7261
1152,0.7246
1157,0.7230
1157,0.7215
1159,0.7200
1159,0.7185
1160,0.7170
1161,0.7155
1162,0.7140
1167,0.7125
1167,0.7110
1172,0.7095
1176,0.7081
1178,0.7066
1182,0.7052
1187,0.7037
1189,0.7023
1194,0.7008
1197,0.6994
1197,0.6980
1202,0.6986
1207,0.6992
1210,0.6998
1212,0.7004
1213,0.7010
1213,0.7016
1216,0.7022
1220,0.7028
1224,0.7034
1226,0.7040
1230,0.7046
1234,0.7052
1235,0.7058
1237,0.7063
1239,0.7069
1239,0.7075
1243,0.7081
1248,0.7087
1250,0.7092
1252,0.7098
1256,0.7104
1260,0.7109
1263,0.7115
1267,0.7121
1269,0.7126
1273,0.7132
1275,0.7137
1279,0.7143
1282,0.7148
1283,0.7154
1286,0.7159
1290,0.7146
1293,0.7132
1295,0.7137
1299,0.7143
1300,0.7148
1305,0.7154
1309,0.7159
1314,0.7164
1315,0.7170
1315,0.7175
1318,0.7180
1318,0.7186
1321,0.7191
1324,0.7196
1327,0.7201
1329,0.7207
1331,0.7212
1335,0.7217
1335,0.7222
1339,0.7227
1342,0.7232
1343,0.7238
1344,0.7243
1345,0.7248
1350,0.7253
1350,0.7258
1352,0.7263
1354,0.7268
1355,0.7273
1359,0.7278
1360,0.7283
1364,0.7288
1367,0.7292
1368,0.7297
1369,0.7302
1374,0.7307
1376,0.7312
1377,0.7317
1381,0.7321
1385,0.7326
1389,0.7331
1393,0.7336
1396,0.7340
1399,0.7345
1402,0.7350
1407,0.7354
1408,0.7359
1410,0.7364
1414,0.7368
1419,0.7373
1420,0.7378
1425,0.7382
1428,0.7387
1429,0.7391
1429,0.7396
1434,0.7400
1434,0.7405
1435,0.7409
1436,0.7414
1441,0.7418
1442,0.7423
1446,0.7427
1450,0.7432
1455,0.7436
1458,0.7440
1462,0.7445
1462,0.7449
1465,0.7453
1465,0.7458
1466,0.7462
1470,0.7466
1474,0.7470
1476,0.7475
1478,0.7479
1481,0.7483
1483,0.7487
1486,0.7492
1489,0.7496
1490,0.7500
1492,0.7504
1492,0.7508
1497,0.7512
1501,0.7517
1506,0.7521
1509,0.7525
1510,0.7529
1515,0.7533
1516,0.7537
1519,0.7541
1523,0.7545
1523,0.7549
1526,0.7553
1527,0.7557
1532,0.7561
1534,0.7565
1535,0.7569
1537,0.7573
1541,0.7577
1545,0.7581
1547,0.7585
1548,0.7588
1552,0.7592
1557,0.7580
1560,0.7568
1563,0.7556
1565,0.7544
1569,0.7532
1572,0.7520
1573,0.7508
1577,0.7496
1577,0.7484
1581,0.7472
1582,0.7461
1585,0.7449
1585,0.7437
1588,0.7425
1591,0.7414
1592,0.7402
1592,0.7391
1596,0.7379
1597,0.7368
1601,0.7356
1601,0.7345
1602,0.7333
1604,0.7322
1606,0.7311
1610,0.7299
1613,0.7288
1613,0.7277
1616,0.7266
1619,0.7255
1623,0.7243
1623,0.7232
1627,0.7221
1628,0.7210
1632,0.7199
1633,0.7188
1636,0.7178
1637,0.7167
1641,0.7171
1643,0.7175
1647,0.7179
1650,0.7184
1655,0.7188
1656,0.7192
1657,0.7196
1661,0.7201
1665,0.7205
1666,0.7209
1669,0.7213
1673,0.7217
1675,0.7221
1679,0.7226
1683,0.7230
1684,0.7234
1686,0.7238
1690,0.7242
1694,0.7246
1698,0.7250
1699,0.7254
1702,0.7258
1705,0.7262
1710,0.7266
1712,0.7270
1716,0.7274
1721,0.7278
1723,0.7282
1724,0.7286
1724,0.7290
1728,0.7294
1728,0.7298
1732,0.7302
1735,0.7305
1735,0.7309
1737,0.7313
1738,0.7317
1739,0.7321
1741,0.7325
1745,0.7329
1749,0.7332
1752,0.7336
1752,0.7340
1754,0.7344
1756,0.7348
1759,0.7351
1760,0.7355
1764,0.7359
1765,0.7362
1769,0.7366
1772,0.7370
1775,0.7374
1778,0.7377
1781,0.7381
1784,0.7385
1786,0.7388
1786,0.7392
1789,0.7396
1793,0.7399
1796,0.7403
1798,0.7406
1800,0.7410
1802,0.7414
1805,0.7417
1810,0.7421
1812,0.7424
1813,0.7428
1816,0.7431
1818,0.7435
1823,0.7438
1825,0.7442
1826,0.7445
1829,0.7449
1831,0.7452
1833,0.7456
1836,0.7459
1838,0.7463
1841,0.7466
1846,0.7470
1849,0.7473
1853,0.7476
1857,0.7480
1860,0.7483
1860,0.7487
1864,0.7490
1865,0.7493
1868,0.7497
1870,0.7500
1874,0.7503
1875,0.7507
1877,0.7510
1878,0.7513
1878,0.7517
1882,0.7520
1886,0.7510
1886,0.7500
1890,0.7490
1894,0.7480
1896,0.7470
1900,0.7461
1901,0.7451
1901,0.7441
1902,0.7431
1905,0.7421
1909,0.7412
1913,0.7402
1917,0.7392
1919,0.7383
1923,0.7373
1924,0.7364
1927,0.7354
1930,0.7345
1933,0.7335
1936,0.7326
1937,0.7316
1941,0.7307
1943,0.7297
1947,0.7288
1951,0.7279
1953,0.7269
1955,0.7260
1959,0.7251
1964,0.7241
1968,0.7232
1970,0.7223
1973,0.7214
1975,0.7205
1977,0.7195
1979,0.7186
1984,0.7177
1986,0.7168
1987,0.7159
1991,0.7150
1996,0.7141
2000,0.7132
2004,0.7123
2005,0.7114
2006,0.7105
2009,0.7096
2013,0.7087
2016,0.7079
2018,0.7070
2019,0.7061
2023,0.7052
2023,0.7043
2027,0.7035
2027,0.7026
2029,0.7017
2031,0.7009
2033,0.7000
2038,0.6991
2041,0.6983
2041,0.6986
2043,0.6990
2046,0.6994
2047,0.6998
2048,0.7001
2050,0.7005
2050,0.7009
2050,0.7012
2051,0.7016
2053,0.7019
2054,0.7023
2057,0.7027
2062,0.7030
2065,0.7034
2070,0.7037
2075,0.7041
2077,0.7045
2081,0.7048
2082,0.7052
2082,0.7055
2083,0.7059
2086,0.7062
2087,0.7066
2089,0.7069
2091,0.7073
2096,0.7076
2099,0.7080
2100,0.7083
2102,0.7087
2103,0.7090
2106,0.7094
2107,0.7097
2110,0.7101
2112,0.7104
2113,0.7107
2116,0.7111
2118,0.7114
2119,0.7118
2122,0.7121
2125,0.7124
2126,0.7128
2127,0.7131
2130,0.7135
2130,0.7138
2131,0.7141
2133,0.7145
2136,0.7148
2138,0.7151
2142,0.7154
2146,0.7158
2148,0.7161
2149,0.7164
2151,0.7168
2153,0.7171
2155,0.7174
2159,0.7177
2162,0.7181
2163,0.7184
2165,0.7187
2168,0.7190
2168,0.7194
2173,0.7197
2177,0.7200
2177,0.7203
2180,0.7206
2185,0.7210
2188,0.7213
2190,0.7216
2191,0.7219
2195,0.7222
2197,0.7225
2201,0.7229
2203,0.7232
2208,0.7235
2209,0.7238
2209,0.7241
2211,0.7244
2215,0.7247
2218,0.7250
2223,0.7253
2227,0.7256
2230,0.7260
2230,0.7263
2233,0.7266
2237,0.7269
2238,0.7272
2240,0.7275
2244,0.7278
2245,0.7281
2248,0.7284
2252,0.7287
2252,0.7290
2257,0.7293
2258,0.7296
2260,0.7299
2265,0.7302
2269,0.7305
2272,0.7308
2276,0.7311
2281,0.7314
2285,0.7317
2287,0.7319
2291,0.7322
2294,0.7325
2294,0.7328
2295,0.7331
2296,0.7334
2299,0.7337
2302,0.7340
2303,0.7343
2307,0.7346
2311,0.7348
2314,0.7351
2316,0.7354
2317,0.7357
2322,0.7360
2327,0.7363
2330,0.7366
2335,0.7368
2336,0.7371
2340,0.7374
2344,0.7377
2348,0.7369
2348,0.7361
2352,0.7353
2355,0.7345
2359,0.7338
2363,0.7330
2367,0.7322
2370,0.7314
2370,0.7306
2373,0.7299
2374,0.7291
2378,0.7283
2383,0.7276
2384,0.7268
2386,0.7260
2387,0.7253
2391,0.7245
2393,0.7237
2398,0.7230
2402,0.7222
2402,0.7215
2404,0.7207
2406,0.7200
2406,0.7192
2409,0.7185
2412,0.7177
2414,0.7170
2415,0.7162
2417,0.7155
2419,0.7147
2422,0.7140
2422,0.7133
2425,0.7125
2427,0.7118
2429,0.7110
2433,0.7103
2434,0.7096
2436,0.7088
2436,0.7081
2441,0.7074
2441,0.7067
2445,0.7059
2446,0.7052
2447,0.7045
2450,0.7038
2453,0.7031
2457,0.7034
2458,0.7037
2458,0.7040
2459,0.7043
2463,0.7046
2465,0.7049
2465,0.7052
2466,0.7055
2470,0.7058
2474,0.7061
2478,0.7064
2483,0.7067
2487,0.7069
2488,0.7072
2488,0.7075
2493,0.7078
2494,0.7081
2497,0.7084
2499,0.7087
2502,0.7090
2503,0.7093
2503,0.7096
2508,0.7099
2508,0.7102
2508,0.7104
2510,0.7107
2511,0.7110
2515,0.7113
2515,0.7116
2520,0.7119
2525,0.7122
2525,0.7125
2526,0.7127
2526,0.7130
2527,0.7133
2529,0.7136
2529,0.7139
2533,0.7141
2537,0.7144
2540,0.7147
2543,0.7150
2545,0.7153
2546,0.7155
2549,0.7158
2553,0.7161
2556,0.7164
2560,0.7167
2561,0.7169
2561,0.7172
2564,0.7175
2565,0.7177
2566,0.7180
2567,0.7183
2569,0.7186
2572,0.7188
2575,0.7191
2578,0.7194
2579,0.7197
2581,0.7199
2583,0.7202
2587,0.7205
2588,0.7207
2593,0.7210
2594,0.7213
2595,0.7215
2600,0.7218
2600,0.7221
2602,0.7223
2605,0.7226
2608,0.7229
2613,0.7222
2615,0.7215
2616,0.7208
2618,0.7201
2623,0.7194
2624,0.7188
2627,0.7181
2628,0.7174
2629,0.7167
2634,0.7160
2635,0.7154
2636,0.7147
2641,0.7140
2645,0.7133
2649,0.7136
2650,0.7139
2654,0.7142
2658,0.7144
2661,0.7147
2662,0.7150
2663,0.7152
2667,0.7155
2669,0.7158
2674,0.7160
2674,0.7163
2678,0.7165
2682,0.7168
2686,0.7171
2687,0.7173
2692,0.7176
2693,0.7179
2696,0.7181
2697,0.7184
2702,0.7186
2704,0.7189
2704,0.7192
2707,0.7194
2711,0.7197
2715,0.7199
2717,0.7202
2720,0.7204
2720,0.7207
2722,0.7210
2723,0.7212
2727,0.7215
2727,0.7217
2731,0.7220
2732,0.7222
2736,0.7225
2736,0.7227
2738,0.7230
2740,0.7232
2740,0.7235
2742,0.7237
2746,0.7240
2751,0.7242
2751,0.7245
2754,0.7247
2757,0.7250
2758,0.7252
2759,0.7255
2760,0.7257
2764,0.7260
2765,0.7262
2770,0.7265
2773,0.7267
2778,0.7269
2782,0.7272
2783,0.7274
2787,0.7277
2788,0.7279
2792,0.7282
2796,0.7284
2797,0.7286
2802,0.7289
2805,0.7291
2808,0.7294
2813,0.7296
2815,0.7298
2819,0.7301
2824,0.7303
2824,0.7306
2826,0.7308
2827,0.7310
2828,0.7313
2833,0.7315
2836,0.7318
2840,0.7320
2841,0.7322
2845,0.7325
2847,0.7327
2848,0.7329
2851,0.7332
2852,0.7334
2855,0.7336
2858,0.7339
2861,0.7341
2865,0.7343
2866,0.7346
2868,0.7348
2870,0.7350
2873,0.7352
2878,0.7355
2881,0.7357
2882,0.7359
2883,0.7362
2885,0.7364
2888,0.7366
2892,0.7368
2893,0.7371
2895,0.7373
2896,0.7375
2900,0.7377
2900,0.7380
2904,0.7382
2906,0.7384
2907,0.7386
2910,0.7389
2911,0.7391
2915,0.7393
2918,0.7395
2919,0.7398
2920,0.7400
2922,0.7402
2927,0.7404
2927,0.7406
2930,0.7409
2934,0.7411
2938,0.7413
2941,0.7415
2943,0.7417
2945,0.7420
2949,0.7422
2950,0.7424
2955,0.7426
2956,0.7428
2958,0.7430
2962,0.7433
2964,0.7435
2968,0.7437
2969,0.7439
2973,0.7441
2973,0.7443
2976,0.7446
2980,0.7448
2983,0.7450
2986,0.7452
2989,0.7454
2992,0.7456
2995,0.7458
2997,0.7460
2997,0.7463
3001,0.7465
3004,0.7467
3008,0.7469
3009,0.7471
3013,0.7473
3015,0.7475
3020,0.7477
3021,0.7479
3025,0.7481
3030,0.7483
3032,0.7486
3033,0.7488
3036,0.7490
3039,0.7492
3040,0.7494
3041,0.7496
3045,0.7498
3048,0.7500
3052,0.7502
3054,0.7504
3058,0.7506
3062,0.7508
3065,0.7510
3066,0.7512
3070,0.7514
3074,0.7516
3075,0.7518
3078,0.7520
3079,0.7522
3084,0.7524
3087,0.7526
3089,0.7528
3092,0.7530
3094,0.7532
3095,0.7534
3097,0.7536
3100,0.7538
3101,0.7540
3105,0.7542
3107,0.7544
3112,0.7546
3115,0.7548
3118,0.7550
3120,0.7552
3124,0.7554
3127,0.7556
3128,0.7558
3129,0.7560
3132,0.7562
3133,0.7564
3134,0.7566
3137,0.7568
3139,0.7570
3140,0.7572
3144,0.7574
3146,0.7576
3149,0.7577
3150,0.7579
3154,0.7581
3154,0.7583
3155,0.7585
3160,0.7587
3164,0.7589
3169,0.7591
3173,0.7593
3175,0.7595
3176,0.7597
3181,0.7598
3186,0.7600
3189,0.7602
3190,0.7604
3191,0.7606
3191,0.7608
3196,0.7610
3197,0.7612
3201,0.7613
3202,0.7615
3203,0.7617
3203,0.7619
3206,0.7621
3211,0.7623
3211,0.7625
3212,0.7626
3214,0.7628
3215,0.7630
3220,0.7632
3224,0.7634
3224,0.7636
3228,0.7637
3228,0.7639
3231,0.7641
3234,0.7643
3238,0.7645
3242,0.7647
3245,0.7648
3250,0.7650
3254,0.7652
3256,0.7654
3256,0.7656
3259,0.7657
3262,0.7659
3262,0.7661
3265,0.7663
3266,0.7665
3267,0.7666
3267,0.7668
3269,0.7670
3271,0.7672
3274,0.7674
3274,0.7675
3279,0.7677
3282,0.7679
3283,0.7681
3287,0.7682
3288,0.7684
3291,0.7686
3292,0.7688
3295,0.7689
3299,0.7691
3303,0.7693
3307,0.7695
3310,0.7696
3314,0.7698
3314,0.7700
3319,0.7702
3319,0.7703
3323,0.7705
3323,0.7707
3327,0.7708
3330,0.7710
3333,0.7712
3334,0.7714
3334,0.7715
3338,0.7717
3341,0.7719
3341,0.7720
3344,0.7722
3347,0.7724
3350,0.7726
3352,0.7727
3355,0.7729
3357,0.7731
3358,0.7732
3363,0.7734
3364,0.7736
3368,0.7737
3369,0.7739
3372,0.7741
3372,0.7742
3375,0.7744
3379,0.7746
3381,0.7747
3383,0.7749
3387,0.7751
3391,0.7752
3394,0.7754
3397,0.7756
3401,0.7750
3404,0.7744
3405,0.7739
3406,0.7733
3410,0.7727
3413,0.7722
3417,0.7716
3419,0.7710
3419,0.7705
3420,0.7699
3422,0.7693
3425,0.7688
3427,0.7682
3427,0.7677
3427,0.7671
3429,0.7665
3434,0.7660
3436,0.7654
3439,0.7649
3440,0.7643
3444,0.7638
3445,0.7632
3446,0.7627
3450,0.7621
3452,0.7616
3452,0.7610
3454,0.7605
3458,0.7599
3461,0.7594
3464,0.7588
3466,0.7583
3468,0.7577
3472,0.7572
3477,0.7566
3478,0.7561
3481,0.7556
3482,0.7550
3483,0.7545
3484,0.7539
3486,0.7534
3488,0.7529
3493,0.7523
3495,0.7518
3497,0.7512
3499,0.7507
3500,0.7502
3503,0.7496
3504,0.7491
3506,0.7486
3508,0.7480
3511,0.7475
3511,0.7470
3514,0.7465
3517,0.7459
3520,0.7454
3521,0.7449
3524,0.7444
3526,0.7438
3530,0.7433
3532,0.7428
3536,0.7423
3541,0.7417
3541,0.7412
3543,0.7407
3544,0.7402
3544,0.7396
3549,0.7391
3550,0.7386
3552,0.7381
3553,0.7376
3554,0.7371
3556,0.7365
3557,0.7360
3561,0.7355
3561,0.7350
3561,0.7345
3563,0.7340
3567,0.7335
3570,0.7330
3574,0.7325
3577,0.7319
3578,0.7314
3579,0.7309
3582,0.7304
3585,0.7299
3586,0.7294
3589,0.7289
3593,0.7284
3594,0.7279
3598,0.7274
3602,0.7269
3606,0.7264
3608,0.7259
3610,0.7254
3611,0.7249
3616,0.7244
3618,0.7239
3620,0.7234
3623,0.7229
3628,0.7231
3630,0.7233
3632,0.7235
3636,0.7237
3639,0.7239
3644,0.7240
3648,0.7242
3652,0.7244
3656,0.7246
3660,0.7248
3663,0.7250
3666,0.7252
3669,0.7254
3673,0.7255
3674,0.7257
3674,0.7259
3679,0.7261
3679,0.7263
3684,0.7265
3685,0.7267
3686,0.7268
3690,0.7270
3692,0.7272
3696,0.7274
3698,0.7276
3700,0.7278
3704,0.7279
3704,0.7281
3706,0.7283
3709,0.7285
3712,0.7287
3714,0.7289
3714,0.7290
3719,0.7292
3722,0.7294
3722,0.7296
3723,0.7298
3727,0.7299
3732,0.7301
3736,0.7303
3741,0.7305
3745,0.7307
3749,0.7308
3753,0.7310
3754,0.7312
3759,0.7314
3762,0.7316
3763,0.7317
3764,0.7319
3766,0.7321
3768,0.7323
3769,0.7325
3772,0.7326
3775,0.7328
3779,0.7330
3779,0.7332
3783,0.7333
3784,0.7335
3786,0.7337
3787,0.7339
3789,0.7340
3789,0.7342
3794,0.7344
3798,0.7346
3800,0.7347
3802,0.7349
3805,0.7351
3809,0.7353
3811,0.7354
3814,0.7356
3816,0.7358
3818,0.7359
3820,0.7361
3825,0.7363
3829,0.7365
3832,0.7366
3834,0.7368
3838,0.7370
3840,0.7372
3844,0.7373
3844,0.7375
3846,0.7377
3847,0.7378
3848,0.7380
3851,0.7382
3852,0.7383
3854,0.7385
3855,0.7387
3858,0.7388
3861,0.7390
3866,0.7392
3869,0.7394
3873,0.7395
3875,0.7397
3877,0.7399
3880,0.7400
3881,0.7402
3885,0.7404
3889,0.7405
3892,0.7407
3894,0.7409
3895,0.7410
3897,0.7412
3897,0.7414
3902,0.7415
3905,0.7417
3907,0.7419
3909,0.7420
3912,0.7422
3913,0.7423
3914,0.7425
3915,0.7427
3916,0.7428
3919,0.7430
3920,0.7432
3925,0.7433
3928,0.7435
3929,0.7437
3933,0.7438
3938,0.7440
3940,0.7441
3940,0.7443
3943,0.7445
3945,0.7446
3950,0.7448
3950,0.7449
3951,0.7451
3955,0.7453
3959,0.7454
3959,0.7456
3964,0.7458
3969,0.7459
3972,0.7461
3976,0.7462
3980,0.7464
3981,0.7465
3983,0.7467
3984,0.7469
3988,0.7470
3988,0.7472
3990,0.7473
3991,0.7475
3996,0.7470
3997,0.7466
4001,0.7461
4001,0.7456
4005,0.7452
4006,0.7447
4009,0.7442
4009,0.7438
4014,0.7433
4015,0.7429
4017,0.7424
4022,0.7419
4025,0.7415
4025,0.7410
4028,0.7406
4031,0.7401
4032,0.7396
4034,0.7392
4036,0.7387
4036,0.7389
4041,0.7390
4044,0.7392
4045,0.7394
4047,0.7395
4049,0.7397
4052,0.7399
4055,0.7400
4057,0.7402
4058,0.7403
4061,0.7405
4065,0.7406
4066,0.7408
4067,0.7410
4069,0.7411
4074,0.7413
4074,0.7414
4079,0.7416
4082,0.7418
4084,0.7419
4087,0.7421
4088,0.7422
4093,0.7424
4098,0.7425
4100,0.7427
4101,0.7429
4102,0.7430
4105,0.7432
4109,0.7433
4114,0.7435
4119,0.7436
4122,0.7438
4123,0.7439
4127,0.7441
4128,0.7443
4131,0.7444
4132,0.7446
4133,0.7447
4134,0.7449
4136,0.7450
4136,0.7452
4138,0.7453
4139,0.7455
4142,0.7456
4145,0.7458
4150,0.7459
4153,0.7461
4155,0.7463
4158,0.7464
4161,0.7466
4162,0.7467
4166,0.7469
4169,0.7470
4173,0.7472
4174,0.7473
4176,0.7475
4179,0.7476
4179,0.7478
4184,0.7479
4184,0.7481
4185,0.7482
4189,0.7484
4192,0.7485
4194,0.7487
4197,0.7488
4200,0.7490
4202,0.7491
4204,0.7493
4204,0.7494
4205,0.7496
4210,0.7497
4213,0.7499
4218,0.7500
4222,0.7501
4225,0.7503
4227,0.7504
4229,0.7506
4233,0.7507
4237,0.7509
4242,0.7510
4246,0.7512
4248,0.7513
4251,0.7515
4255,0.7516
4256,0.7518
4260,0.7519
4263,0.7521
4268,0.7522
4271,0.7523
4274,0.7525
4274,0.7526
4276,0.7528
4279,0.7529
4280,0.7531
4282,0.7532
4287,0.7534
4287,0.7535
4292,0.7536
4297,0.7538
4301,0.7539
4303,0.7541
4308,0.7542
4308,0.7544
4310,0.7545
4311,0.7546
4315,0.7548
4315,0.7549
4320,0.7551
4321,0.7552
4324,0.7553
4325,0.7555
4326,0.7556
4330,0.7558
4331,0.7559
4336,0.7561
4338,0.7562
4343,0.7563
4344,0.7565
4345,0.7566
4345,0.7568
4348,0.7569
4348,0.7570
4352,0.7572
4353,0.7573
4358,0.7575
4359,0.7576
4363,0.7577
4363,0.7579
4368,0.7580
4372,0.7581
4375,0.7583
4377,0.7584
4382,0.7586
4383,0.7587
4387,0.7588
4389,0.7590
4392,0.7591
4394,0.7592
4398,0.7594
4403,0.7595
4405,0.7597
4410,0.7598
4415,0.7599
4416,0.7601
4417,0.7602
4421,0.7603
4423,0.7605
4426,0.7606
4429,0.7607
4434,0.7609
4438,0.7610
4441,0.7612
4443,0.7613
4446,0.7614
4449,0.7616
4453,0.7617
4453,0.7618
4456,0.7620
4459,0.7621
4464,0.7622
4466,0.7624
4470,0.7625
4474,0.7626
4476,0.7628
4480,0.7629
4485,0.7630
4488,0.7632
4490,0.7633
4493,0.7634
4493,0.7636
4497,0.7637
4498,0.7638
4498,0.7640
4499,0.7641
4503,0.7642
4505,0.7643
4508,0.7645
4510,0.7646
4510,0.7647
4514,0.7649
4518,0.7650
4521,0.7651
4524,0.7653
4524,0.7654
4528,0.7655
4531,0.7657
4536,0.7658
4540,0.7659
4541,0.7660
4546,0.7662
4548,0.7663
4553,0.7664
4555,0.7666
4559,0.7667
4563,0.7668
4563,0.7669
4565,0.7671
4568,0.7672
4569,0.7673
4571,0.7675
4575,0.7676
4577,0.7677
4577,0.7678
4579,0.7680
4580,0.7681
4581,0.7682
4583,0.7683
4586,0.7685
4586,0.7686
4587,0.7687
4590,0.7689
4595,0.7690
4600,0.7691
4603,0.7692
4607,0.7694
4612,0.7695
4615,0.7696
4617,0.7697
4619,0.7699
4620,0.7700
4622,0.7701
4623,0.7702
4625,0.7704
4626,0.7705
4627,0.7706
4630,0.7707
4634,0.7709
4636,0.7710
4638,0.7711
4641,0.7712
4644,0.7714
4644,0.7715
4645,0.7716
4648,0.7717
4652,0.7718
4653,0.7720
4656,0.7721
4661,0.7722
4662,0.7723
4664,0.7725
4669,0.7726
4670,0.7727
4671,0.7728
4672,0.7729
4677,0.7731
4678,0.7732
4682,0.7733
4682,0.7734
4686,0.7736
4690,0.7737
4693,0.7738
4694,0.7739
4697,0.7740
4701,0.7742
4703,0.7743
4706,0.7744
4711,0.7745
4714,0.7746
4718,0.7748
4722,0.7749
4724,0.7750
4727,0.7751
4730,0.7752
4733,0.7754
4735,0.7755
4739,0.7756
4741,0.7757
4744,0.7758
4748,0.7760
4752,0.7761
4753,0.7762
4757,0.7763
4759,0.7764
4763,0.7765
4766,0.7767
4769,0.7768
4769,0.7769
4772,0.7770
4775,0.7771
4780,0.7773
4784,0.7774
4786,0.7775
4790,0.7776
4792,0.7777
4796,0.7778
4799,0.7780
4800,0.7781
4804,0.7782
4807,0.7783
4807,0.7784
4811,0.7785
4815,0.7786
4819,0.7788
4819,0.7789
4822,0.7790
4825,0.7791
4829,0.7792
4832,0.7793
4835,0.7795
4836,0.7796
4840,0.7797
4841,0.7798
4842,0.7799
4844,0.7800
4848,0.7801
4850,0.7803
4850,0.7804
4852,0.7805
4855,0.7806
4856,0.7807
4861,0.7808
4862,0.7809
4863,0.7811
4865,0.7812
4866,0.7813
4867,0.7814
4871,0.7815
4875,0.7816
4878,0.7817
4882,0.7818
4884,0.7820
4884,0.7821
4889,0.7822
4891,0.7823
4893,0.7824
4895,0.7825
4897,0.7826
4899,0.7827
4900,0.7829
4901,0.7830
4901,0.7831
4906,0.7827
4908,0.7823
4909,0.7819
4911,0.7815
4915,0.7811
4915,0.7807
4920,0.7803
4923,0.7799
4927,0.7795
4928,0.7791
4933,0.7787
4937,0.7783
4937,0.7779
4940,0.7775
4941,0.7771
4944,0.7767
4947,0.7763
4950,0.7759
4955,0.7760
4957,0.7761
4958,0.7763
4962,0.7764
4966,0.7765
4970,0.7766
4973,0.7767
4975,0.7768
4977,0.7769
4981,0.7770
4984,0.7772
4987,0.7773
4990,0.7774
4992,0.7775
4995,0.7776
4997,0.7777
4999,0.7778
5000,0.7779
5002,0.7781
5005,0.7782
5009,0.7783
5012,0.7784
5014,0.7785
5016,0.7786
5016,0.7787
5020,0.7788
5024,0.7789
5029,0.7791
5029,0.7792
5029,0.7793
5030,0.7794
5034,0.7795
5034,0.7796
5038,0.7797
5040,0.7798
5044,0.7799
5047,0.7800
5052,0.7802
5052,0.7803
5057,0.7804
5060,0.7805
5062,0.7806
5063,0.7807
5063,0.7808
5066,0.7809
5067,0.7810
5069,0.7811
5071,0.7812
5071,0.7814
5072,0.7815
5075,0.7816
5077,0.7817
5080,0.7818
5084,0.7819
5084,0.7820
5087,0.7821
5088,0.7822
5092,0.7823
5093,0.7824
5096,0.7825
5097,0.7827
5097,0.7828
5102,0.7829
5103,0.7830
5106,0.7831
5109,0.7832
5113,0.7833
5117,0.7834
5120,0.7835
5122,0.7836
5127,0.7837
5127,0.7838
5128,0.7839
5131,0.7840
5135,0.7841
5139,0.7842
5140,0.7844
5143,0.7845
5144,0.7846
5146,0.7847
5147,0.7848
5151,0.7849
5152,0.7850
5153,0.7851
5157,0.7852
5158,0.7853
5163,0.7849
5166,0.7845
5166,0.7842
5169,0.7838
5171,0.7834
5173,0.7830
5173,0.7826
5175,0.7823
5176,0.7819
5180,0.7815
5181,0.7811
5183,0.7807
5188,0.7804
5189,0.7800
5193,0.7796
5196,0.7792
5197,0.7789
5197,0.7785
5199,0.7781
5199,0.7777
5204,0.7773
5209,0.7770
5213,0.7766
5215,0.7762
5219,0.7759
5224,0.7755
5226,0.7751
5228,0.7747
5229,0.7744
5231,0.7740
5233,0.7736
5234,0.7733
5235,0.7729
5239,0.7725
5242,0.7721
5243,0.7718
5245,0.7714
5246,0.7710
5247,0.7707
5249,0.7703
5254,0.7699
5259,0.7696
5262,0.7692
5265,0.7693
5268,0.7694
5271,0.7695
5275,0.7696
5277,0.7697
5279,0.7699
5282,0.7700
5283,0.7701
5287,0.7702
5290,0.7703
5294,0.7704
5299,0.7705
5301,0.7706
5304,0.7707
5308,0.7708
5313,0.7709
5317,0.7711
5318,0.7712
5323,0.7713
5327,0.7714
5328,0.7715
5330,0.7716
5335,0.7717
5337,0.7718
5341,0.7719
5341,0.7720
5345,0.7721
5347,0.7722
5349,0.7723
5351,0.7724
5355,0.7726
5356,0.7727
5360,0.7728
5361,0.7729
5361,0.7730
5363,0.7731
5367,0.7732
5371,0.7733
5372,0.7734
5376,0.7735
5380,0.7736
5384,0.7737
5387,0.7738
5390,0.7739
5391,0.7740
5391,0.7741
5391,0.7743
5396,0.7744
5399,0.7745
5400,0.7746
5400,0.7747
5403,0.7748
5408,0.7749
5411,0.7750
5415,0.7751
5416,0.7752
5417,0.7753
5421,0.7754
5422,0.7755
5425,0.7756
5425,0.7757
5428,0.7758
5428,0.7759
5428,0.7760
5429,0.7761
5431,0.7762
5434,0.7763
5436,0.7764
5438,0.7765
5438,0.7766
5442,0.7768
5446,0.7769
5450,0.7770
5454,0.7771
5454,0.7772
5456,0.7773
5458,0.7774
5458,0.7775
5461,0.7776
5465,0.7777
5469,0.7778
5470,0.7779
5470,0.7780
5472,0.7781
5472,0.7782
5474,0.7783
5474,0.7784
5478,0.7785
5478,0.7786
5479,0.7787
5483,0.7788
5486,0.7789
5490,0.7790
5491,0.7791
5491,0.7792
5493,0.7793
5496,0.7794
5497,0.7795
5498,0.7796
5499,0.7797
5502,0.7798
5505,0.7799
5506,0.7800
5509,0.7801
5512,0.7802
5513,0.7803
5514,0.7804
5519,0.7805
5523,0.7806
5527,0.7807
5531,0.7808
5535,0.7809
5537,0.7810
5538,0.7811
5542,0.7812
5546,0.7813
5549,0.7814
5552,0.7815
5553,0.7816
5554,0.7817
5557,0.7818
5557,0.7819
5559,0.7820
5561,0.7821
5564,0.7822
5569,0.7823
5569,0.7824
5573,0.7825
5575,0.7826
5575,0.7827
5576,0.7828
5577,0.7829
5578,0.7830
5579,0.7831
5584,0.7832
5589,0.7833
5594,0.7833
5598,0.7834
5599,0.7835
5600,0.7836
5603,0.7837
5603,0.7838
5605,0.7839
5608,0.7840
5612,0.7837
5617,0.7833
5621,0.7830
5624,0.7826
5625,0.7823
5626,0.7819
5628,0.7816
5629,0.7812
5634,0.7809
5636,0.7805
5638,0.7802
5641,0.7798
5642,0.7795
5646,0.7792
5650,0.7788
5653,0.7785
5655,0.7781
5659,0.7778
5663,0.7774
5665,0.7771
5667,0.7767
5667,0.7764
5669,0.7761
5673,0.7757
5677,0.7754
5680,0.7750
5683,0.7747
5684,0.7743
5689,0.7740
5693,0.7737
5695,0.7733
5698,0.7730
5700,0.7726
5704,0.7723
5706,0.7724
5709,0.7725
5710,0.7726
5711,0.7727
5716,0.7728
5720,0.7729
5722,0.7730
5723,0.7731
5728,0.7732
5729,0.7733
5733,0.7734
5737,0.7735
5741,0.7736
5743,0.7737
5748,0.7738
5748,0.7739
5753,0.7740
5754,0.7741
5759,0.7742
5759,0.7743
5759,0.7744
5761,0.7745
5766,0.7746
5770,0.7747
5772,0.7748
5774,0.7749
5775,0.7750
5780,0.7751
5782,0.7752
5784,0.7753
5787,0.7754
5788,0.7755
5788,0.7756
5790,0.7757
5794,0.7758
5796,0.7759
5796,0.7760
5799,0.7760
5802,0.7761
5806,0.7762
5807,0.7763
5809,0.7764
5812,0.7765
5816,0.7766
5817,0.7767
5821,0.7768
5821,0.7769
5822,0.7770
5827,0.7771
5832,0.7772
5834,0.7773
5834,0.7774
5834,0.7775
5839,0.7776
5840,0.7777
5841,0.7778
5841,0.7779
5842,0.7780
5845,0.7781
5846,0.7782
5849,0.7783
5849,0.7783
5854,0.7784
5856,0.7785
5859,0.7786
5863,0.7787
5867,0.7788
5868,0.7789
5871,0.7790
5872,0.7791
5875,0.7792
5878,0.7793
5879,0.7794
5884,0.7795
5885,0.7796
5887,0.7797
5889,0.7798
5891,0.7799
5892,0.7799
5896,0.7800
5900,0.7801
5900,0.7802
5902,0.7803
5904,0.7804
5909,0.7805
5910,0.7806
5911,0.7807
5915,0.7808
5918,0.7809
5919,0.7810
5920,0.7811
5924,0.7812
5926,0.7812
5929,0.7813
5931,0.7814
5933,0.7815
5935,0.7816
5938,0.7817
5941,0.7818
5941,0.7819
5942,0.7820
5944,0.7821
5948,0.7822
5951,0.7823
5951,0.7824
5956,0.7824
5957,0.7825
5961,0.7826
5963,0.7827
5967,0.7828
5971,0.7829
5975,0.7830
5980,0.7831
5981,0.7832
5982,0.7833
5985,0.7834
5989,0.7834
5994,0.7835
5996,0.7836
5998,0.7837
6002,0.7838
6005,0.7839
6006,0.7840
6010,0.7841
6011,0.7842
6012,0.7843
6016,0.7843
6018,0.7844
6023,0.7845
6026,0.7846
6027,0.7847
6029,0.7848
6031,0.7849
6033,0.7850
6035,0.7851
6039,0.7852
6043,0.7848
6047,0.7845
6050,0.7842
6054,0.7839
6056,0.7835
6060,0.7832
6061,0.7829
6066,0.7826
6070,0.7822
6071,0.7819
6075,0.7816
6079,0.7813
6081,0.7809
6084,0.7806
6089,0.7803
6092,0.7800
6097,0.7797
6098,0.7793
6102,0.7790
6106,0.7787
6108,0.7784
6113,0.7781
6117,0.7777
6120,0.7774
6120,0.7771
6121,0.7768
6123,0.7765
6125,0.7761
6128,0.7758
6132,0.7755
6132,0.7752
6135,0.7749
6140,0.7745
6143,0.7742
6145,0.7739
6148,0.7736
6151,0.7733
6154,0.7730
6157,0.7727
6159,0.7723
6160,0.7720
6163,0.7717
6166,0.7714
6170,0.7711
6174,0.7708
6175,0.7705
6179,0.7701
6180,0.7698
6183,0.7695
6187,0.7692
6191,0.7689
6192,0.7686
6194,0.7687
6195,0.7688
6200,0.7689
6202,0.7690
6204,0.7690
6208,0.7691
6213,0.7692
6216,0.7693
6220,0.7694
6222,0.7695
6224,0.7696
6225,0.7697
6228,0.7698
6230,0.7699
6232,0.7700
6234,0.7701
6236,0.7702
6238,0.7703
6240,0.7703
6240,0.7704
6241,0.7705
6245,0.7706
6245,0.7707
6248,0.7708
6252,0.7709
6253,0.7710
6256,0.7707
6258,0.7704
6262,0.7701
6264,0.7698
6267,0.7694
6271,0.7691
6275,0.7688
6280,0.7685
6283,0.7682
6285,0.7679
6286,0.7676
6287,0.7673
6287,0.7670
6290,0.7667
6292,0.7664
6293,0.7661
6298,0.7658
6300,0.7655
6304,0.7652
6309,0.7648
6312,0.7645
6317,0.7642
6321,0.7639
6323,0.7636
6325,0.7633
6327,0.7630
6330,0.7627
6331,0.7624
6331,0.7621
6335,0.7618
6338,0.7615
6338,0.7612
6340,0.7609
6342,0.7610
6345,0.7611
6349,0.7612
6349,0.7613
6350,0.7614
6350,0.7615
6352,0.7616
6357,0.7617
6361,0.7618
6364,0.7618
6367,0.7619
6370,0.7620
6372,0.7621
6373,0.7622
6377,0.7623
6380,0.7624
6385,0.7625
6389,0.7626
6393,0.7627
6393,0.7628
6395,0.7629
6400,0.7630
6402,0.7631
6406,0.7632
6410,0.7633
6410,0.7633
6413,0.7634
6416,0.7635
6421,0.7636
6422,0.7637
6425,0.7638
6427,0.7639
6432,0.7640
6437,0.7641
6438,0.7642
6441,0.7643
6445,0.7644
6445,0.7645
6450,0.7645
6452,0.7646
6456,0.7647
6456,0.7648
6459,0.7649
6460,0.7650
6463,0.7651
6466,0.7652
6469,0.7653
6470,0.7654
6471,0.7655
6472,0.7656
6473,0.7656
6477,0.7657
6478,0.7658
6483,0.7659
6488,0.7660
6492,0.7661
6495,0.7662
6498,0.7663
6498,0.7664
6499,0.7665
6502,0.7666
6504,0.7666
6505,0.7667
6505,0.7668
6509,0.7669
6512,0.7670
6514,0.7671
6517,0.7672
6518,0.7673
6521,0.7674
6525,0.7675
6526,0.7675
6531,0.7676
6535,0.7677
6536,0.7678
6540,0.7679
6541,0.7680
6544,0.7681
6546,0.7682
6547,0.7683
6548,0.7683
6553,0.7684
6554,0.7685
6558,0.7686
6559,0.7687
6562,0.7688
6562,0.7689
6563,0.7690
6566,0.7691
6569,0.7691
6570,0.7692
6571,0.7693
6571,0.7694
6572,0.7695
6576,0.7696
6578,0.7697
6582,0.7698
6584,0.7698
6586,0.7699
6588,0.7700
6589,0.7701
6592,0.7702
6594,0.7703
6597,0.7704
6600,0.7705
6601,0.7705
6605,0.7706
6606,0.7707
6607,0.7708
6607,0.7709
6607,0.7710
6609,0.7711
6610,0.7712
6614,0.7712
6618,0.7713
6620,0.7714
6625,0.7715
6627,0.7716
6629,0.7717
6633,0.7718
6638,0.7719
6641,0.7719
6644,0.7720
6649,0.7721
6650,0.7722
6655,0.7723
6655,0.7724
6655,0.7725
6655,0.7725
6656,0.7726
6659,0.7727
6660,0.7728
6661,0.7729
6663,0.7730
6663,0.7731
6663,0.7731
6666,0.7732
6670,0.7733
6671,0.7734
6673,0.7735
6673,0.7736
6676,0.7736
6680,0.7737
6682,0.7738
6684,0.7739
6687,0.7740
6691,0.7737
6694,0.7734
6695,0.7731
6699,0.7728
6703,0.7725
6708,0.7723
6712,0.7720
6716,0.7717
6718,0.7714
6722,0.7711
6723,0.7708
6727,0.7705
6730,0.7702
6731,0.7699
6734,0.7697
6735,0.7694
6740,0.7691
6742,0.7688
6743,0.7685
6747,0.7682
6752,0.7679
6754,0.7677
6757,0.7674
6760,0.7671
6761,0.7668
6761,0.7665
6761,0.7662
6765,0.7659
6766,0.7657
6771,0.7654
6774,0.7651
6777,0.7648
6779,0.7645
6782,0.7642
6786,0.7640
6786,0.7637
6789,0.7634
6791,0.7631
6795,0.7628
6800,0.7626
6804,0.7623
6804,0.7620
6804,0.7617
6806,0.7614
6808,0.7612
6811,0.7612
6811,0.7613
6812,0.7614
6815,0.7615
6819,0.7616
6820,0.7617
6821,0.7618
6824,0.7619
6829,0.7619
6830,0.7620
6830,0.7621
6833,0.7622
6836,0.7623
6840,0.7624
6841,0.7625
6845,0.7626
6849,0.7626
6854,0.7627
6857,0.7628
6857,0.7629
6860,0.7630
6861,0.7631
6865,0.7632
6865,0.7632
6867,0.7633
6869,0.7634
6870,0.7635
6872,0.7636
6876,0.7637
6880,0.7638
6883,0.7638
6886,0.7639
6888,0.7640
6892,0.7641
6894,0.7642
6898,0.7643
6902,0.7644
6907,0.7644
6908,0.7645
6911,0.7646
6915,0.7647
6919,0.7648
6921,0.7649
6922,0.7650
6924,0.7650
6928,0.7651
6929,0.7652
6933,0.7653
6935,0.7654
6937,0.7655
6938,0.7656
6939,0.7656
6939,0.7657
6942,0.7658
6944,0.7659
6947,0.7660
6948,0.7661
6952,0.7661
6956,0.7662
6958,0.7663
6962,0.7664
6962,0.7665
6965,0.7666
6968,0.7667
6970,0.7667
6972,0.7668
6975,0.7669
6977,0.7670
6978,0.7671
6982,0.7672
6987,0.7672
6989,0.7673
6993,0.7674
6993,0.7675
6994,0.7676
6998,0.7677
7002,0.7677
7006,0.7678
7009,0.7679
7013,0.7680
7015,0.7681
7018,0.7682
7020,0.7682
7023,0.7683
7026,0.7684
7029,0.7685
7030,0.7686
7033,0.7687
7036,0.7687
7040,0.7688
7044,0.7689
7044,0.7690
7048,0.7691
7048,0.7691
7053,0.7692
7055,0.7693
7059,0.7694
7062,0.7695
7063,0.7696
7068,0.7696
7069,0.7697
7071,0.7698
7074,0.7699
7077,0.7700
7080,0.7700
7081,0.7701
7085,0.7702
7087,0.7703
7087,0.7704
7090,0.7705
7092,0.7705
7092,0.7706
7094,0.7707
7098,0.7708
7100,0.7709
7101,0.7709
7102,0.7710
7107,0.7711
7110,0.7712
7111,0.7713
7113,0.7713
7114,0.7714
7119,0.7715
7120,0.7716
7124,0.7717
7126,0.7718
7129,0.7718
7130,0.7719
7134,0.7720
7138,0.7721
7143,0.7722
7144,0.7722
7145,0.7723
7149,0.7724
7151,0.7725
7155,0.7726
7157,0.7726
7162,0.7727
7166,0.7728
7170,0.7729
7174,0.7730
7179,0.7730
7183,0.7731
7188,0.7732
7188,0.7733
7189,0.7733
7191,0.7734
7194,0.7735
7198,0.7736
7198,0.7737
7198,0.7737
7202,0.7738
7202,0.7739
7207,0.7740
7210,0.7741
7212,0.7741
7215,0.7742
7216,0.7743
7219,0.7744
7223,0.7745
7226,0.7745
7231,0.7746
7233,0.7747
7236,0.7748
7240,0.7748
7242,0.7749
7246,0.7750
7249,0.7751
7253,0.7752
7256,0.7752
7260,0.7753
7261,0.7754
7263,0.7755
7264,0.7755
7266,0.7756
7270,0.7757
7272,0.7758
7276,0.7759
7278,0.7759
7280,0.7760
7284,0.7761
7285,0.7762
7289,0.7762
7292,0.7763
7295,0.7764
7297,0.7765
7301,0.7766
7301,0.7766
7302,0.7767
7303,0.7768
7305,0.7769
7306,0.7769
7310,0.7767
7315,0.7764
7317,0.7761
7318,0.7759
7320,0.7756
7323,0.7753
7328,0.7751
7333,0.7748
7333,0.7745
7338,0.7743
7340,0.7740
7344,0.7737
7346,0.7735
7347,0.7732
7349,0.7729
7351,0.7727
7354,0.7724
7354,0.7722
7354,0.7719
7359,0.7716
7359,0.7714
7363,0.7711
7367,0.7708
7370,0.7706
7374,0.7703
7379,0.7700
7383,0.7698
7387,0.7695
7391,0.7693
7395,0.7690
7398,0.7687
7401,0.7685
7401,0.7682
7403,0.7679
7404,0.7677
7409,0.7674
7413,0.7672
7418,0.7669
7419,0.7666
7422,0.7664
7424,0.7661
7427,0.7659
7427,0.7656
7431,0.7653
7435,0.7651
7439,0.7648
7443,0.7646
7446,0.7643
7451,0.7640
7453,0.7638
7457,0.7635
7459,0.7633
7460,0.7630
7462,0.7628
7462,0.7625
7465,0.7622
7467,0.7620
7469,0.7617
7470,0.7615
7475,0.7612
7477,0.7610
7481,0.7607
7485,0.7604
7486,0.7602
7490,0.7599
7494,0.7600
7494,0.7601
7499,0.7602
7503,0.7603
7507,0.7603
7509,0.7604
7510,0.7605
7512,0.7606
7516,0.7607
7517,0.7607
7522,0.7608
7525,0.7609
7530,0.7610
7530,0.7611
7533,0.7611
7537,0.7612
7540,0.7613
7544,0.7614
7547,0.7615
7551,0.7615
7553,0.7616
7556,0.7617
7560,0.7618
7560,0.7619
7561,0.7619
7564,0.7620
7566,0.7621
7570,0.7622
7572,0.7623
7574,0.7623
7576,0.7624
7580,0.7625
7583,0.7626
7585,0.7626
7586,0.7627
7587,0.7628
7587,0.7629
7588,0.7630
7591,0.7630
7595,0.7631
7596,0.7632
7601,0.7633
7603,0.7634
7603,0.7634
7604,0.7635
7608,0.7636
7613,0.7637
7614,0.7638
7615,0.7638
7617,0.7639
7620,0.7640
7624,0.7641
7629,0.7641
7632,0.7642
7636,0.7643
7641,0.7644
7642,0.7645
7643,0.7645
7646,0.7646
7648,0.7647
7650,0.7648
7655,0.7648
7656,0.7649
7659,0.7650
7662,0.7651
7663,0.7652
7663,0.7652
7664,0.7653
7668,0.7654
7670,0.7655
7672,0.7655
7676,0.7656
7679,0.7657
7680,0.7658
7684,0.7658
7685,0.7659
7687,0.7660
7689,0.7661
7690,0.7662
7693,0.7662
7695,0.7663
7697,0.7664
7700,0.7665
7703,0.7665
7705,0.7666
7707,0.7667
7709,0.7668
7710,0.7668
7713,0.7669
7715,0.7670
7715,0.7671
7716,0.7671
7719,0.7672
7721,0.7673
7723,0.7674
7726,0.7674
7731,0.7675
7731,0.7676
7735,0.7677
7739,0.7678
7739,0.7678
7740,0.7679
7743,0.7680
7745,0.7681
7750,0.7681
7752,0.7682
7756,0.7683
7756,0.7684
7757,0.7684
7761,0.7685
7762,0.7686
7767,0.7687
7770,0.7687
7773,0.7688
7778,0.7689
7779,0.7690
7782,0.7690
7785,0.7691
7790,0.7692
7790,0.7693
7794,0.7693
7799,0.7694
7799,0.7695
7800,0.7696
7803,0.7696
7808,0.7697
7809,0.7698
7811,0.7699
7811,0.7699
7813,0.7700
7818,0.7701
7822,0.7701
7824,0.7702
7826,0.7703
7830,0.7704
7833,0.7704
7834,0.7705
7835,0.7706
7835,0.7707
7836,0.7707
7837,0.7708
7840,0.7709
7842,0.7710
7843,0.7710
7847,0.7711
7852,0.7712
7855,0.7713
7858,0.7713
7858,0.7714
7860,0.7715
7861,0.7715
7864,0.7716
7865,0.7717
7870,0.7718
7870,0.7718
7872,0.7719
7875,0.7720
7876,0.7721
7878,0.7721
7881,0.7722
7886,0.7723
7891,0.7723
7891,0.7724
7892,0.7725
7897,0.7726
7901,0.7726
7902,0.7727
7905,0.7728
7905,0.7729
7907,0.7729
7908,0.7730
7911,0.7731
7912,0.7731
7913,0.7732
7915,0.7733
7915,0.7734
7919,0.7734
7919,0.7735
7923,0.7736
7928,0.7737
7931,0.7737
7933,0.7738
7938,0.7739
7939,0.7739
7942,0.7740
7946,0.7741
7946,0.7742
7947,0.7742
7951,0.7743
7956,0.7744
7958,0.7744
7961,0.7745
7964,0.7746
7967,0.7747
7969,0.7747
7973,0.7748
7976,0.7749
7978,0.7749
7979,0.7750
7983,0.7751
7984,0.7751
7985,0.7752
7989,0.7753
7992,0.7754
7996,0.7754
8000,0.7755
8004,0.7756
8006,0.7756
8010,0.7757
8012,0.7758
8013,0.7759
8014,0.7759
8017,0.7760
8017,0.7761
8020,0.7761
8022,0.7762
8025,0.7763
8028,0.7763
8031,0.7764
8035,0.7765
8040,0.7766
8042,0.7766
8045,0.7767
8048,0.7768
8049,0.7768
8050,0.7769
8054,0.7770
8058,0.7770
8059,0.7771
8061,0.7772
8065,0.7773
8067,0.7773
8071,0.7774
8075,0.7775
8079,0.7775
8084,0.7776
8086,0.7777
8088,0.7777
8092,0.7778
8097,0.7779
8099,0.7780
8102,0.7780
8102,0.7781
8107,0.7782
8109,0.7782
8109,0.7783
8110,0.7784
8111,0.7784
8113,0.7785
8114,0.7786
8115,0.7786
8117,0.7787
8118,0.7788
8121,0.7788
8123,0.7789
8128,0.7790
8131,0.7791
8135,0.7791
8140,0.7792
8143,0.7793
8146,0.7793
8149,0.7794
8149,0.7795
8152,0.7795
8156,0.7796
8161,0.7797
8163,0.7797
8165,0.7798
8167,0.7799
8170,0.7799
8170,0.7800
8171,0.7801
8175,0.7801
8177,0.7802
8182,0.7803
8186,0.7803
8190,0.7804
8195,0.7805
8197,0.7805
8198,0.7806
8200,0.7807
8202,0.7808
8203,0.7808
8207,0.7809
8209,0.7810
8209,0.7810
8212,0.7811
8217,0.7812
8217,0.7812
8222,0.7813
8224,0.7814
8228,0.7814
8228,0.7815
8231,0.7816
8235,0.7816
8237,0.7817
8239,0.7818
8243,0.7818
8246,0.7819
8251,0.7820
8251,0.7820
8251,0.7821
8254,0.7822
8257,0.7822
8257,0.7823
8260,0.7824
8260,0.7824
8261,0.7825
8266,0.7826
8270,0.7826
8272,0.7827
8272,0.7828
8273,0.7828
8276,0.7829
8276,0.7830
8278,0.7830
8282,0.7831
8286,0.7832
8288,0.7832
8288,0.7833
8292,0.7833
8294,0.7834
8295,0.7835
8296,0.7835
8297,0.7836
8299,0.7837
8300,0.7837
8300,0.7838
8300,0.7839
8305,0.7839
8309,0.7840
8310,0.7841
8313,0.7841
8314,0.7842
8316,0.7843
8320,0.7843
8324,0.7844
8326,0.7845
8328,0.7845
8329,0.7846
8333,0.7847
8336,0.7847
8341,0.7848
8341,0.7849
8345,0.7849
8348,0.7850
8349,0.7850
8352,0.7851
8355,0.7852
8356,0.7852
8359,0.7853
8362,0.7854
8365,0.7854
8366,0.7855
8369,0.7856
8371,0.7856
8374,0.7857
8376,0.7858
8377,0.7858
8379,0.7859
8384,0.7860
8388,0.7860
8391,0.7861
8392,0.7861
8395,0.7862
8397,0.7863
8400,0.7863
8400,0.7864
8404,0.7865
8407,0.7865
8407,0.7866
8412,0.7867
8416,0.7867
8418,0.7868
8422,0.7868
8425,0.7869
8427,0.7870
8427,0.7870
8429,0.7871
8433,0.7872
8434,0.7872
8435,0.7873
8438,0.7874
8442,0.7874
8444,0.7875
8445,0.7875
8449,0.7876
8454,0.7874
8458,0.7871
8463,0.7869
8463,0.7867
8466,0.7864
8468,0.7862
8470,0.7860
8472,0.7857
8473,0.7855
8475,0.7853
8475,0.7850
8477,0.7848
8481,0.7846
8482,0.7843
8487,0.7841
8490,0.7839
8493,0.7836
8494,0.7834
8494,0.7832
8499,0.7829
8499,0.7827
8500,0.7825
8502,0.7822
8505,0.7820
8506,0.7818
8510,0.7816
8511,0.7813
8514,0.7811
8518,0.7809
8518,0.7806
8520,0.7804
8523,0.7802
8525,0.7799
8525,0.7797
8526,0.7795
8531,0.7793
8532,0.7790
8533,0.7788
8534,0.7786
8536,0.7783
8540,0.7781
8542,0.7779
8544,0.7776
8544,0.7774
8549,0.7772
8554,0.7770
8556,0.7767
8559,0.7765
8559,0.7763
8561,0.7760
8565,0.7758
8570,0.7756
8570,0.7754
8571,0.7751
8571,0.7749
8573,0.7747
8577,0.7745
8582,0.7742
8583,0.7740
8586,0.7738
8587,0.7736
8589,0.7733
8591,0.7731
8595,0.7729
8597,0.7726
8600,0.7724
8602,0.7722
8603,0.7720
8605,0.7717
8609,0.7715
8610,0.7713
8611,0.7711
8614,0.7708
8618,0.7706
8618,0.7704
8622,0.7702
8627,0.7699
8627,0.7697
8629,0.7695
8634,0.7693
8638,0.7691
8638,0.7688
8640,0.7686
8640,0.7684
8645,0.7682
8650,0.7679
8655,0.7677
8659,0.7675
8659,0.7673
8660,0.7670
8663,0.7668
8663,0.7666
8663,0.7664
8664,0.7662
8668,0.7659
8669,0.7657
8672,0.7655
8675,0.7653
8676,0.7650
8680,0.7648
8684,0.7646
8684,0.7644
8689,0.7642
8690,0.7639
8693,0.7637
8694,0.7635
8696,0.7633
8699,0.7631
8701,0.7628
8704,0.7626
8706,0.7624
8709,0.7622
8714,0.7620
8715,0.7617
8715,0.7615
8720,0.7613
8721,0.7611
8724,0.7612
8724,0.7612
8726,0.7613
8727,0.7614
8728,0.7614
8733,0.7615
8735,0.7616
8738,0.7616
8741,0.7617
8745,0.7618
8750,0.7618
8750,0.7619
8753,0.7620
8758,0.7620
8758,0.7621
8759,0.7622
8763,0.7622
8766,0.7623
8769,0.7624
8769,0.7624
8770,0.7625
8773,0.7626
8776,0.7627
8780,0.7627
8781,0.7628
8782,0.7629
8782,0.7629
8785,0.7630
8788,0.7631
8791,0.7631
8792,0.7632
8797,0.7633
8797,0.7633
8798,0.7634
8801,0.7635
8803,0.7635
8806,0.7636
8810,0.7637
8815,0.7637
8819,0.7638
8824,0.7639
8829,0.7639
8831,0.7640
8836,0.7641
8840,0.7641
8842,0.7642
8842,0.7643
8843,0.7643
8844,0.7644
8844,0.7645
8849,0.7645
8850,0.7646
8853,0.7647
8854,0.7647
8856,0.7648
8861,0.7649
8864,0.7649
8867,0.7650
8870,0.7651
8871,0.7651
8871,0.7652
8872,0.7653
8875,0.7653
8879,0.7654
8883,0.7655
8884,0.7655
8886,0.7656
8890,0.7657
8893,0.7657
8898,0.7658
8899,0.7659
8903,0.7659
8903,0.7660
8906,0.7661
8910,0.7661
8915,0.7662
8918,0.7663
8920,0.7663
8922,0.7664
8927,0.7665
8931,0.7665
8933,0.7666
8935,0.7667
8938,0.7667
8943,0.7668
8944,0.7669
8945,0.7669
8946,0.7670
8950,0.7671
8950,0.7671
8952,0.7672
8952,0.7672
8956,0.7673
8956,0.7674
8958,0.7674
8959,0.7675
8962,0.7676
8967,0.7676
8968,0.7677
8970,0.7678
8973,0.7678
8976,0.7679
8979,0.7680
8983,0.7680
8985,0.7681
8986,0.7682
8987,0.7682
8992,0.7683
8997,0.7684
8998,0.7684
9002,0.7685
9005,0.7685
9008,0.7686
9011,0.7687
9013,0.7687
9018,0.7688
9019,0.7689
9022,0.7689
9025,0.7690
9028,0.7691
9030,0.7691
9034,0.7692
9036,0.7693
9039,0.7693
9044,0.7694
9048,0.7694
9050,0.7695
9051,0.7696
9056,0.7696
9060,0.7697
9064,0.7698
9067,0.7698
9072,0.7699
9076,0.7700
9078,0.7700
9080,0.7701
9084,0.7701
9088,0.7702
9092,0.7703
9094,0.7703
9096,0.7704
9097,0.7705
9100,0.7705
9105,0.7706
9108,0.7707
9110,0.7707
9114,0.7708
9117,0.7708
9118,0.7709
9120,0.7710
9124,0.7710
9127,0.7711
9128,0.7712
9131,0.7712
9131,0.7713
9135,0.7713
9137,0.7714
9142,0.7715
9145,0.7715
9149,0.7716
9150,0.7717
9152,0.7717
9153,0.7718
9158,0.7719
9160,0.7719
9163,0.7720
9163,0.7720
9167,0.7721
9170,0.7722
9174,0.7722
9178,0.7723
9180,0.7724
9180,0.7724
9181,0.7725
9183,0.7725
9185,0.7726
9186,0.7727
9187,0.7727
9189,0.7728
9191,0.7729
9192,0.7729
9192,0.7730
9196,0.7730
9198,0.7731
9200,0.7732
9201,0.7732
9201,0.7733
9202,0.7733
9207,0.7734
9211,0.7735
9214,0.7735
9217,0.7736
9220,0.7737
9223,0.7737
9226,0.7738
9229,0.7738
9234,0.7739
9236,0.7740
9240,0.7740
9245,0.7741
9245,0.7741
9247,0.7742
9250,0.7743
9252,0.7743
9253,0.7744
9255,0.7745
9256,0.7745
9258,0.7746
9259,0.7746
9263,0.7747
9266,0.7748
9270,0.7748
9273,0.7749
9274,0.7749
9279,0.7750
9281,0.7751
9282,0.7751
9285,0.7752
9286,0.7753
9288,0.7753
9289,0.7754
9290,0.7754
9293,0.7755
9294,0.7756
9298,0.7756
9301,0.7757
9302,0.7757
9305,0.7758
9305,0.7759
9306,0.7759
9306,0.7760
9307,0.7760
9308,0.7761
9311,0.7762
9312,0.7762
9316,0.7763
9320,0.7763
9325,0.7764
9326,0.7765
9331,0.7765
9331,0.7766
9335,0.7766
9335,0.7767
9339,0.7768
9343,0.7768
9343,0.7769
9345,0.7769
9350,0.7770
9354,0.7771
9357,0.7771
9359,0.7772
9362,0.7772
9365,0.7773
9369,0.7774
9371,0.7774
9371,0.7775
9372,0.7775
9376,0.7776
9379,0.7777
9383,0.7777
9387,0.7778
9390,0.7778
9393,0.7779
9395,0.7780
9400,0.7780
9402,0.7781
9406,0.7781
9410,0.7782
9413,0.7783
9417,0.7783
9421,0.7784
9423,0.7784
9427,0.7785
9429,0.7785
9430,0.7786
9430,0.7787
9431,0.7787
9432,0.7788
9433,0.7788
9438,0.7789
9440,0.7790
9443,0.7790
9445,0.7791
9447,0.7791
9448,0.7792
9448,0.7793
9452,0.7793
9454,0.7794
9455,0.7794
9455,0.7795
9456,0.7795
9459,0.7796
9460,0.7797
9462,0.7797
9463,0.7798
9465,0.7798
9466,0.7799
9468,0.7800
9472,0.7800
9475,0.7801
9479,0.7801
9480,0.7802
9482,0.7802
9484,0.7803
9486,0.7804
9489,0.7804
9493,0.7805
9496,0.7805
9500,0.7806
9504,0.7807
9508,0.7807
9511,0.7808
9514,0.7808
9516,0.7809
9519,0.7809
9521,0.7810
9521,0.7811
9523,0.7811
9527,0.7812
9530,0.7812
9530,0.7813
9531,0.7813
9533,0.7814
9533,0.7815
9536,0.7815
9538,0.7816
9539,0.7816
9543,0.7817
9545,0.7818
9549,0.7818
9550,0.7819
9553,0.7819
9555,0.7820
9557,0.7820
9560,0.7821
9565,0.7822
9569,0.7822
9572,0.7823
9575,0.7823
9576,0.7824
9579,0.7824
9582,0.7825
9585,0.7826
9587,0.7823
9589,0.7821
9593,0.7819
9596,0.7817
9599,0.7815
9599,0.7813
9600,0.7811
9604,0.7809
9607,0.7807
9609,0.7805
9609,0.7803
9612,0.7801
9614,0.7799
9615,0.7797
9617,0.7795
9618,0.7793
9619,0.7791
9620,0.7789
9621,0.7787
9623,0.7785
9626,0.7783
9627,0.7781
9628,0.7779
9630,0.7777
9634,0.7775
9639,0.7773
9639,0.7771
9640,0.7769
9643,0.7767
9646,0.7764
9650,0.7762
9650,0.7760
9655,0.7758
9657,0.7756
9661,0.7754
9663,0.7752
9663,0.7750
9665,0.7748
9667,0.7746
9670,0.7744
9670,0.7742
9672,0.7740
9676,0.7738
9678,0.7736
9682,0.7734
9686,0.7732
9687,0.7730
9688,0.7728
9689,0.7726
9690,0.7724
9693,0.7722
9694,0.7720
9695,0.7718
9697,0.7716
9701,0.7714
9701,0.7712
9703,0.7710
9707,0.7708
9709,0.7706
9711,0.7704
9716,0.7702
9720,0.7700
9721,0.7698
9721,0.7696
9721,0.7694
9724,0.7693
9727,0.7691
9727,0.7689
9728,0.7687
9733,0.7685
9735,0.7683
9739,0.7681
9741,0.7679
9744,0.7677
9746,0.7675
9749,0.7673
9752,0.7671
9754,0.7669
9755,0.7667
9757,0.7665
9758,0.7663
9762,0.7661
9764,0.7659
9766,0.7657
9768,0.7655
9773,0.7653
9778,0.7651
9780,0.7649
9783,0.7647
9784,0.7645
9787,0.7643
9792,0.7641
9794,0.7639
9796,0.7640
9799,0.7641
9801,0.7641
9803,0.7642
9805,0.7642
9810,0.7643
9813,0.7644
9817,0.7644
9821,0.7645
9824,0.7645
9828,0.7646
9828,0.7647
9830,0.7647
9833,0.7648
9835,0.7648
9836,0.7649
9840,0.7650
9843,0.7650
9845,0.7651
9848,0.7651
9848,0.7652
9851,0.7653
9856,0.7653
9861,0.7654
9863,0.7654
9867,0.7655
9868,0.7656
9872,0.7656
9876,0.7657
9877,0.7657
9880,0.7658
9883,0.7659
9885,0.7659
9887,0.7660
9888,0.7660
9892,0.7661
9893,0.7662
9895,0.7662
9897,0.7663
9900,0.7663
9904,0.7664
9905,0.7664
9906,0.7665
9907,0.7666
9909,0.7666
9913,0.7667
9917,0.7667
9919,0.7668
9922,0.7669
9926,0.7669
9930,0.7670
9933,0.7670
9938,0.7671
9943,0.7672
9945,0.7672
9949,0.7673
9949,0.7673
9951,0.7674
9953,0.7674
9958,0.7675
9959,0.7676
9961,0.7676
9966,0.7677
9969,0.7677
9973,0.7678
9975,0.7679
9979,0.7679
9982,0.7680
9985,0.7680
9987,0.7681
9992,0.7679
9994,0.7677
9999,0.7675
10002,0.7673
10002,0.7671
10005,0.7669
10007,0.7667
10012,0.7665
10016,0.7664
10018,0.7662
10020,0.7660
10025,0.7658
10029,0.7656
10030,0.7654
10035,0.7652
10036,0.7650
10038,0.7648
10041,0.7646
10042,0.7644
10043,0.7642
10046,0.7641
10047,0.7639
10048,0.7637
10048,0.7635
10053,0.7633
10057,0.7631
10059,0.7629
10063,0.7627
10067,0.7625
10068,0.7623
10068,0.7622
10071,0.7620
10072,0.7618
10076,0.7616
10078,0.7614
10079,0.7612
10082,0.7610
10086,0.7608
10091,0.7606
10094,0.7604
10098,0.7603
10100,0.7601
10100,0.7599
10100,0.7597
10102,0.7595
10107,0.7593
10109,0.7591
10109,0.7589
10109,0.7587
10110,0.7586
10114,0.7584
10118,0.7584
10119,0.7585
10120,0.7586
10125,0.7586
10129,0.7587
10129,0.7587
10129,0.7588
10133,0.7589
10137,0.7589
10138,0.7590
10141,0.7590
10143,0.7591
10147,0.7591
10148,0.7592
10148,0.7593
10152,0.7593
10155,0.7594
10157,0.7594
10159,0.7595
10160,0.7596
10165,0.7596
10170,0.7597
10173,0.7597
10177,0.7598
10182,0.7599
10184,0.7599
10184,0.7600
10184,0.7600
10185,0.7601
10187,0.7602
10188,0.7602
10188,0.7603
10191,0.7603
10192,0.7604
10193,0.7605
10195,0.7605
10200,0.7606
10205,0.7606
10206,0.7607
10208,0.7607
10208,0.7608
10210,0.7609
10214,0.7609
10217,0.7610
10221,0.7610
10222,0.7611
10222,0.7612
10223,0.7612
10225,0.7613
10229,0.7613
10231,0.7614
10232,0.7614
10235,0.7615
10240,0.7616
10242,0.7616
10242,0.7617
10245,0.7617
10247,0.7618
10251,0.7619
10256,0.7619
10258,0.7620
10263,0.7620
10266,0.7621
10270,0.7621
10275,0.7622
10278,0.7623
10281,0.7623
10283,0.7624
10286,0.7624
10290,0.7625
10292,0.7626
10294,0.7626
10294,0.7627
10296,0.7627
10301,0.7628
10305,0.7628
10307,0.7629
10309,0.7630
10313,0.7630
10313,0.7631
10317,0.7631
10321,0.7632
10324,0.7632
10327,0.7633
10331,0.7634
10335,0.7634
10335,0.7635
10339,0.7635
10341,0.7636
10343,0.7636
10347,0.7637
10350,0.7635
10353,0.7633
10354,0.7632
10356,0.7630
10357,0.7628
10361,0.7626
10365,0.7627
10368,0.7627
10370,0.7628
10373,0.7628
10377,0.7629
10382,0.7629
10386,0.7630
10389,0.7631
10392,0.7631
10395,0.7632
10398,0.7632
10400,0.7633
10404,0.7633
10404,0.7634
10404,0.7635
10408,0.7635
10411,0.7636
10413,0.7636
10415,0.7637
10415,0.7637
10416,0.7638
10417,0.7639
10420,0.7639
10421,0.7640
10423,0.7640
10426,0.7641
10427,0.7641
10429,0.7642
10431,0.7643
10433,0.7643
10433,0.7644
10435,0.7644
10435,0.7645
10436,0.7645
10439,0.7646
10440,0.7646
10444,0.7647
10447,0.7648
10448,0.7648
10452,0.7649
10457,0.7649
10460,0.7650
10464,0.7650
10466,0.7651
10467,0.7652
10468,0.7652
10471,0.7653
10474,0.7653
10478,0.7654
10480,0.7654
10481,0.7655
10483,0.7656
10487,0.7656
10492,0.7657
10495,0.7657
10497,0.7658
10499,0.7658
10500,0.7659
10501,0.7659
10503,0.7660
10507,0.7661
10507,0.7661
10508,0.7662
10509,0.7662
10509,0.7663
10513,0.7663
10518,0.7664
10522,0.7664
10523,0.7665
10525,0.7666
10528,0.7666
10531,0.7667
10532,0.7667
10534,0.7668
10538,0.7668
10541,0.7669
10541,0.7669
10544,0.7670
10548,0.7671
10549,0.7671
10550,0.7672
10551,0.7672
10553,0.7673
10556,0.7673
10557,0.7674
10557,0.7674
10559,0.7675
10563,0.7676
10564,0.7676
10565,0.7677
10567,0.7677
10569,0.7678
10569,0.7678
10572,0.7679
10572,0.7679
10576,0.7680
10577,0.7680
10580,0.7681
10585,0.7682
10586,0.7682
10588,0.7683
10592,0.7683
10592,0.7684
10596,0.7684
10599,0.7685
10604,0.7685
10607,0.7686
10610,0.7686
10610,0.7687
10615,0.7688
10618,0.7688
10619,0.7689
10624,0.7689
10624,0.7690
10627,0.7690
10632,0.7691
10635,0.7691
10640,0.7692
10641,0.7692
10644,0.7693
10648,0.7694
10650,0.7694
10652,0.7695
10656,0.7695
10658,0.7696
10662,0.7696
10663,0.7697
10665,0.7697
10666,0.7698
10667,0.7698
10670,0.7699
10673,0.7700
10676,0.7700
10680,0.7701
10681,0.7701
10682,0.7702
10684,0.7702
10687,0.7703
10688,0.7703
10692,0.7704
10692,0.7704
10693,0.7705
10698,0.7705
10699,0.7706
10699,0.7707
10704,0.7707
10706,0.7708
10710,0.7708
10713,0.7709
10717,0.7709
10722,0.7710
10726,0.7710
10731,0.7711
10736,0.7711
10740,0.7710
10743,0.7708
10746,0.7706
10748,0.7704
10752,0.7702
10755,0.7701
10756,0.7699
10758,0.7697
10760,0.7695
10763,0.7693
10768,0.7692
10770,0.7690
10772,0.7688
10774,0.7686
10779,0.7684
10779,0.7683
10780,0.7681
10783,0.7679
10785,0.7677
10786,0.7675
10790,0.7674
10792,0.7672
10793,0.7670
10795,0.7668
10798,0.7667
10803,0.7665
10804,0.7663
10808,0.7661
10812,0.7659
10817,0.7658
10817,0.7656
10819,0.7654
10822,0.7652
10824,0.7651
10826,0.7649
10827,0.7647
10828,0.7645
10828,0.7644
10829,0.7642
10832,0.7640
10836,0.7638
10840,0.7636
10844,0.7635
10847,0.7633
10848,0.7631
10852,0.7629
10852,0.7628
10856,0.7626
10856,0.7624
10859,0.7622
10862,0.7621
10865,0.7619
10870,0.7617
10874,0.7615
10874,0.7614
10879,0.7612
10880,0.7610
10880,0.7608
10880,0.7607
10884,0.7605
10888,0.7603
10892,0.7601
10895,0.7600
10899,0.7598
10902,0.7596
10903,0.7594
10903,0.7593
10906,0.7591
10908,0.7589
10908,0.7587
10913,0.7586
10916,0.7584
10918,0.7582
10923,0.7580
10924,0.7579
10926,0.7577
10928,0.7575
10930,0.7573
10931,0.7572
10934,0.7570
10936,0.7568
10937,0.7566
10937,0.7565
10940,0.7563
10945,0.7561
10945,0.7560
10946,0.7558
10948,0.7556
10949,0.7554
10951,0.7553
10954,0.7551
10955,0.7549
10960,0.7547
10964,0.7546
10968,0.7544
10971,0.7542
10973,0.7541
10976,0.7539
10978,0.7537
10981,0.7538
10983,0.7538
10983,0.7539
10985,0.7539
10987,0.7540
10991,0.7540
10993,0.7541
10998,0.7542
10999,0.7542
