# vtime(s),emu-avail(%) for mode:picav target-avail(%)=0.6000
0,1.0000
3,0.5000
4,0.3333
4,0.2500
8,0.4000
13,0.5000
14,0.5714
17,0.6250
21,0.6667
22,0.7000
24,0.7273
26,0.7500
28,0.7692
31,0.7143
33,0.6667
37,0.6250
39,0.6471
43,0.6667
47,0.6842
50,0.7000
55,0.7143
58,0.7273
60,0.7391
62,0.7500
65,0.7600
68,0.7692
70,0.7778
73,0.7857
78,0.7931
80,0.8000
83,0.8065
87,0.8125
88,0.8182
88,0.8235
91,0.8286
93,0.8333
94,0.8378
95,0.8421
96,0.8462
98,0.8500
101,0.8537
102,0.8571
104,0.8372
107,0.8182
112,0.8000
115,0.8043
116,0.8085
117,0.8125
121,0.8163
124,0.8200
125,0.8235
130,0.8269
134,0.8302
134,0.8333
135,0.8364
140,0.8393
145,0.8421
146,0.8448
147,0.8475
147,0.8500
149,0.8525
151,0.8548
153,0.8571
157,0.8594
161,0.8615
165,0.8636
166,0.8657
171,0.8529
174,0.8406
178,0.8286
180,0.8169
181,0.8056
184,0.7945
186,0.7838
188,0.7733
191,0.7632
194,0.7532
196,0.7436
201,0.7342
203,0.7250
206,0.7160
208,0.7073
208,0.6988
212,0.7024
216,0.7059
218,0.7093
221,0.7126
224,0.7159
225,0.7191
228,0.7222
233,0.7253
235,0.7283
235,0.7312
238,0.7340
239,0.7368
244,0.7396
245,0.7423
245,0.7449
249,0.7475
251,0.7500
252,0.7525
253,0.7549
256,0.7573
258,0.7500
260,0.7429
261,0.7358
263,0.7290
267,0.7222
271,0.7156
272,0.7091
272,0.7027
276,0.6964
277,0.6903
282,0.6842
285,0.6783
285,0.6724
286,0.6667
288,0.6610
288,0.6555
291,0.6583
292,0.6612
294,0.6639
299,0.6667
300,0.6694
305,0.6720
307,0.6746
311,0.6772
311,0.6797
316,0.6822
316,0.6846
318,0.6870
318,0.6894
322,0.6917
322,0.6940
324,0.6963
324,0.6985
326,0.7007
328,0.7029
329,0.7050
332,0.7071
336,0.7092
337,0.7113
339,0.7133
340,0.7153
340,0.7172
341,0.7192
345,0.7211
348,0.7230
348,0.7248
351,0.7267
353,0.7285
355,0.7303
359,0.7320
362,0.7338
365,0.7355
369,0.7372
371,0.7389
372,0.7405
376,0.7421
377,0.7438
381,0.7453
381,0.7469
382,0.7485
384,0.7500
385,0.7515
385,0.7530
386,0.7545
388,0.7560
392,0.7574
392,0.7588
397,0.7602
400,0.7616
400,0.7630
402,0.7644
402,0.7657
403,0.7670
408,0.7684
409,0.7697
414,0.7709
416,0.7722
418,0.7735
422,0.7747
427,0.7760
427,0.7772
428,0.7784
428,0.7796
432,0.7807
436,0.7766
438,0.7725
441,0.7684
443,0.7644
445,0.7604
446,0.7565
448,0.7526
452,0.7487
457,0.7449
458,0.7411
461,0.7374
462,0.7337
467,0.7350
470,0.7363
472,0.7376
472,0.7389
473,0.7402
478,0.7415
481,0.7427
486,0.7440
487,0.7452
491,0.7464
495,0.7476
497,0.7488
499,0.7500
501,0.7512
502,0.7523
503,0.7535
507,0.7546
507,0.7558
511,0.7569
515,0.7580
515,0.7591
519,0.7602
522,0.7613
525,0.7623
529,0.7634
531,0.7644
533,0.7655
534,0.7665
535,0.7675
537,0.7686
539,0.7696
540,0.7706
540,0.7716
542,0.7725
544,0.7735
547,0.7745
549,0.7754
549,0.7764
554,0.7773
557,0.7782
561,0.7792
565,0.7801
566,0.7810
568,0.7819
568,0.7828
572,0.7837
572,0.7846
573,0.7814
576,0.7782
576,0.7751
580,0.7760
581,0.7769
583,0.7778
588,0.7787
592,0.7795
595,0.7804
599,0.7812
600,0.7821
605,0.7829
606,0.7838
608,0.7846
608,0.7854
608,0.7863
612,0.7871
615,0.7879
619,0.7887
621,0.7895
622,0.7903
623,0.7910
628,0.7918
633,0.7889
633,0.7860
638,0.7831
640,0.7802
641,0.7774
645,0.7745
648,0.7717
653,0.7690
655,0.7662
660,0.7634
664,0.7607
667,0.7580
668,0.7553
671,0.7527
671,0.7500
673,0.7474
677,0.7448
677,0.7422
681,0.7396
683,0.7370
687,0.7345
689,0.7320
693,0.7295
697,0.7270
698,0.7245
700,0.7220
704,0.7196
708,0.7172
711,0.7148
713,0.7124
716,0.7100
718,0.7110
721,0.7119
725,0.7129
727,0.7138
730,0.7148
730,0.7157
735,0.7166
739,0.7175
739,0.7184
743,0.7194
743,0.7203
747,0.7212
748,0.7220
753,0.7229
755,0.7238
756,0.7247
757,0.7256
758,0.7264
758,0.7273
761,0.7281
761,0.7290
765,0.7298
768,0.7307
770,0.7315
773,0.7323
774,0.7331
775,0.7339
779,0.7348
783,0.7356
787,0.7364
791,0.7372
795,0.7380
798,0.7387
801,0.7395
806,0.7403
808,0.7381
810,0.7359
811,0.7337
814,0.7316
817,0.7294
817,0.7273
820,0.7251
820,0.7230
824,0.7209
826,0.7188
828,0.7168
828,0.7147
832,0.7126
833,0.7106
834,0.7086
836,0.7094
841,0.7102
844,0.7110
849,0.7119
853,0.7127
856,0.7135
858,0.7143
859,0.7151
860,0.7159
862,0.7167
863,0.7175
866,0.7182
871,0.7190
875,0.7198
876,0.7205
878,0.7213
879,0.7221
884,0.7228
887,0.7236
891,0.7243
895,0.7251
897,0.7258
899,0.7265
904,0.7273
908,0.7280
911,0.7287
915,0.7294
916,0.7302
917,0.7309
921,0.7316
922,0.7323
923,0.7330
927,0.7337
928,0.7344
933,0.7351
934,0.7358
935,0.7364
940,0.7371
944,0.7378
948,0.7385
950,0.7391
952,0.7398
957,0.7405
959,0.7411
961,0.7418
961,0.7424
961,0.7431
964,0.7437
969,0.7444
973,0.7450
973,0.7456
977,0.7463
980,0.7469
983,0.7475
986,0.7481
989,0.7488
990,0.7494
992,0.7500
995,0.7506
997,0.7512
1000,0.7518
1001,0.7524
1002,0.7530
1007,0.7536
1007,0.7542
1007,0.7548
1007,0.7554
1007,0.7560
1009,0.7566
1011,0.7571
1012,0.7577
1015,0.7583
1019,0.7589
1021,0.7594
1026,0.7600
1027,0.7606
1030,0.7611
1034,0.7617
1037,0.7622
1041,0.7628
1046,0.7633
1048,0.7639
1049,0.7644
1052,0.7650
1053,0.7655
1055,0.7661
1059,0.7643
1063,0.7626
1067,0.7608
1071,0.7591
1074,0.7574
1075,0.7557
1079,0.7540
1079,0.7523
1084,0.7506
1086,0.7489
1089,0.7472
1091,0.7455
1092,0.7439
1093,0.7422
1095,0.7406
1096,0.7389
1098,0.7373
1099,0.7357
1102,0.7341
1106,0.7325
1111,0.7309
1114,0.7293
1117,0.7277
1117,0.7261
1120,0.7245
1120,0.7229
1121,0.7214
1121,0.7198
1126,0.7183
1130,0.7167
1131,0.7152
1135,0.7137
1138,0.7122
1138,0.7106
1142,0.7091
1144,0.7076
1146,0.7061
1147,0.7046
1152,0.7053
1156,0.7059
1159,0.7065
1163,0.7071
1166,0.7077
1169,0.7083
1172,0.7089
1172,0.7095
1176,0.7101
1181,0.7107
1182,0.7113
1187,0.7119
1187,0.7125
1190,0.7131
1194,0.7137
1195,0.7143
1198,0.7149
1199,0.7154
1201,0.7160
1205,0.7166
1208,0.7172
1210,0.7177
1213,0.7183
1215,0.7189
1216,0.7194
1216,0.7200
1217,0.7206
1220,0.7211
1224,0.7217
1226,0.7222
1230,0.7228
1234,0.7233
1237,0.7239
1238,0.7244
1240,0.7250
1242,0.7255
1246,0.7260
1247,0.7266
1251,0.7271
1254,0.7276
1256,0.7282
1256,0.7287
1259,0.7292
1259,0.7297
1262,0.7303
1265,0.7308
1268,0.7313
1272,0.7318
1273,0.7323
1274,0.7328
1275,0.7333
1278,0.7338
1279,0.7343
1280,0.7348
1281,0.7353
1285,0.7358
1288,0.7363
1288,0.7368
1293,0.7373
1295,0.7378
1298,0.7383
1299,0.7388
1302,0.7393
1303,0.7398
1307,0.7403
1308,0.7407
1311,0.7412
1314,0.7417
1317,0.7422
1318,0.7426
1321,0.7431
1325,0.7436
1327,0.7441
1328,0.7445
1330,0.7450
1330,0.7455
1331,0.7459
1334,0.7464
1338,0.7468
1340,0.7473
1344,0.7477
1345,0.7464
1348,0.7451
1350,0.7437
1352,0.7424
1355,0.7411
1358,0.7398
1361,0.7384
1365,0.7371
1367,0.7358
1367,0.7345
1371,0.7332
1372,0.7319
1376,0.7306
1380,0.7293
1383,0.7281
1385,0.7268
1386,0.7255
1390,0.7243
1393,0.7230
1395,0.7217
1395,0.7205
1399,0.7210
1400,0.7215
1402,0.7219
1406,0.7224
1410,0.7229
1413,0.7234
1415,0.7238
1417,0.7243
1419,0.7248
1423,0.7253
1427,0.7257
1432,0.7262
1434,0.7267
1436,0.7271
1439,0.7276
1439,0.7280
1443,0.7285
1447,0.7290
1449,0.7294
1450,0.7299
1451,0.7303
1453,0.7308
1453,0.7312
1455,0.7317
1455,0.7321
1458,0.7326
1462,0.7330
1464,0.7334
1469,0.7339
1472,0.7343
1477,0.7348
1477,0.7352
1479,0.7356
1481,0.7361
1482,0.7365
1483,0.7369
1487,0.7374
1490,0.7378
1493,0.7382
1497,0.7386
1498,0.7391
1500,0.7395
1501,0.7399
1504,0.7403
1506,0.7407
1508,0.7412
1511,0.7416
1512,0.7420
1517,0.7424
1519,0.7428
1523,0.7432
1525,0.7436
1527,0.7440
1531,0.7444
1536,0.7448
1539,0.7453
1542,0.7457
1544,0.7461
1546,0.7465
1547,0.7469
1551,0.7473
1556,0.7476
1557,0.7480
1560,0.7469
1563,0.7457
1563,0.7445
1564,0.7434
1566,0.7422
1571,0.7411
1575,0.7399
1580,0.7388
1584,0.7392
1585,0.7396
1587,0.7400
1589,0.7404
1593,0.7408
1594,0.7412
1597,0.7416
1600,0.7420
1602,0.7424
1606,0.7428
1607,0.7432
1612,0.7436
1615,0.7439
1617,0.7443
1621,0.7447
1621,0.7451
1621,0.7455
1624,0.7459
1626,0.7462
1629,0.7466
1630,0.7470
1630,0.7474
1633,0.7478
1637,0.7481
1642,0.7485
1643,0.7489
1644,0.7493
1646,0.7496
1648,0.7500
1650,0.7504
1654,0.7507
1654,0.7511
1658,0.7515
1660,0.7518
1663,0.7522
1667,0.7526
1672,0.7529
1672,0.7533
1675,0.7536
1677,0.7540
1679,0.7544
1683,0.7547
1683,0.7551
1687,0.7554
1690,0.7558
1691,0.7561
1693,0.7565
1693,0.7568
1693,0.7572
1698,0.7575
1698,0.7579
1702,0.7582
1707,0.7586
1710,0.7589
1714,0.7593
1718,0.7596
1718,0.7599
1719,0.7603
1724,0.7606
1727,0.7610
1729,0.7613
1734,0.7602
1735,0.7592
1738,0.7581
1741,0.7570
1745,0.7560
1750,0.7549
1750,0.7538
1751,0.7528
1752,0.7517
1753,0.7507
1754,0.7497
1758,0.7486
1759,0.7476
1760,0.7465
1761,0.7455
1764,0.7445
1768,0.7434
1773,0.7424
1775,0.7414
1777,0.7404
1781,0.7394
1782,0.7384
1785,0.7373
1790,0.7363
1794,0.7353
1799,0.7343
1800,0.7333
1804,0.7323
1806,0.7313
1807,0.7304
1811,0.7294
1814,0.7284
1818,0.7274
1822,0.7264
1827,0.7254
1831,0.7245
1833,0.7235
1834,0.7225
1836,0.7216
1836,0.7206
1841,0.7210
1843,0.7213
1847,0.7217
1847,0.7221
1851,0.7224
1856,0.7228
1857,0.7232
1857,0.7235
1861,0.7239
1864,0.7243
1864,0.7246
1867,0.7250
1867,0.7254
1872,0.7257
1875,0.7261
1879,0.7264
1882,0.7268
1884,0.7272
1884,0.7275
1887,0.7266
1889,0.7269
1891,0.7273
1895,0.7276
1897,0.7280
1900,0.7283
1905,0.7287
1907,0.7290
1909,0.7294
1912,0.7297
1912,0.7301
1915,0.7304
1915,0.7308
1919,0.7311
1920,0.7315
1921,0.7318
1923,0.7321
1928,0.7325
1932,0.7328
1936,0.7332
1939,0.7335
1941,0.7338
1945,0.7342
1948,0.7345
1953,0.7348
1955,0.7352
1960,0.7355
1961,0.7358
1965,0.7362
1966,0.7365
1967,0.7368
1968,0.7372
1970,0.7375
1970,0.7378
1975,0.7382
1979,0.7385
1984,0.7388
1989,0.7391
1991,0.7395
1995,0.7398
1998,0.7401
2003,0.7404
2006,0.7407
2010,0.7411
2012,0.7414
2016,0.7417
2016,0.7420
2020,0.7423
2024,0.7426
2025,0.7430
2025,0.7433
2028,0.7436
2028,0.7439
2031,0.7442
2035,0.7445
2040,0.7448
2042,0.7451
2046,0.7455
2050,0.7458
2050,0.7461
2052,0.7464
2053,0.7467
2057,0.7470
2059,0.7473
2063,0.7476
2063,0.7479
2066,0.7482
2071,0.7485
2074,0.7488
2077,0.7491
2078,0.7494
2079,0.7497
2079,0.7500
2080,0.7503
2085,0.7506
2088,0.7509
2092,0.7512
2096,0.7515
2099,0.7518
2102,0.7521
2105,0.7524
2107,0.7527
2108,0.7529
2112,0.7532
2115,0.7535
2120,0.7538
2123,0.7541
2126,0.7544
2129,0.7547
2133,0.7550
2138,0.7552
2141,0.7555
2142,0.7558
2142,0.7561
2144,0.7564
2148,0.7567
2149,0.7569
2152,0.7572
2154,0.7575
2155,0.7578
2156,0.7581
2156,0.7583
2161,0.7586
2163,0.7589
2164,0.7592
2167,0.7595
2171,0.7597
2173,0.7600
2176,0.7603
2177,0.7605
2179,0.7608
2184,0.7611
2186,0.7614
2189,0.7616
2190,0.7619
2195,0.7622
2195,0.7624
2199,0.7627
2200,0.7630
2201,0.7632
2204,0.7635
2205,0.7638
2205,0.7640
2209,0.7643
2210,0.7646
2211,0.7648
2212,0.7651
2215,0.7654
2215,0.7656
2215,0.7659
2217,0.7661
2219,0.7664
2219,0.7667
2222,0.7669
2225,0.7672
2226,0.7674
2229,0.7677
2231,0.7680
2233,0.7682
2233,0.7685
2236,0.7687
2238,0.7690
2241,0.7692
2244,0.7695
2247,0.7697
2248,0.7700
2252,0.7702
2254,0.7705
2257,0.7707
2258,0.7710
2261,0.7712
2263,0.7715
2267,0.7717
2272,0.7720
2277,0.7722
2280,0.7725
2285,0.7727
2286,0.7730
2290,0.7732
2295,0.7735
2297,0.7737
2298,0.7740
2299,0.7742
2303,0.7744
2306,0.7747
2307,0.7749
2309,0.7752
2313,0.7754
2318,0.7756
2321,0.7759
2324,0.7761
2327,0.7764
2329,0.7766
2330,0.7768
2334,0.7771
2336,0.7773
2339,0.7775
2341,0.7778
2345,0.7780
2349,0.7782
2350,0.7785
2353,0.7787
2355,0.7789
2355,0.7792
2357,0.7794
2361,0.7796
2363,0.7799
2366,0.7801
2368,0.7803
2371,0.7806
2374,0.7808
2378,0.7810
2380,0.7812
2384,0.7815
2385,0.7817
2385,0.7819
2389,0.7822
2390,0.7824
2392,0.7826
2395,0.7828
2398,0.7831
2400,0.7833
2401,0.7835
2403,0.7837
2407,0.7840
2411,0.7842
2411,0.7844
2412,0.7846
2415,0.7848
2415,0.7851
2418,0.7853
2423,0.7855
2425,0.7857
2429,0.7859
2433,0.7862
2436,0.7864
2437,0.7866
2442,0.7868
2445,0.7870
2449,0.7872
2453,0.7874
2455,0.7877
2459,0.7879
2461,0.7881
2462,0.7883
2463,0.7885
2463,0.7887
2466,0.7889
2470,0.7892
2475,0.7894
2475,0.7896
2477,0.7898
2482,0.7890
2485,0.7882
2489,0.7874
2490,0.7866
2491,0.7859
2492,0.7851
2496,0.7843
2498,0.7835
2498,0.7827
2500,0.7820
2502,0.7812
2503,0.7804
2507,0.7796
2508,0.7789
2512,0.7781
2516,0.7773
2518,0.7766
2522,0.7758
2526,0.7750
2530,0.7743
2532,0.7735
2534,0.7728
2538,0.7720
2539,0.7713
2543,0.7705
2543,0.7698
2544,0.7690
2549,0.7683
2550,0.7675
2551,0.7668
2556,0.7660
2556,0.7653
2559,0.7645
2564,0.7638
2564,0.7631
2565,0.7623
2567,0.7616
2569,0.7608
2569,0.7601
2573,0.7594
2574,0.7587
2575,0.7579
2577,0.7572
2579,0.7565
2583,0.7557
2586,0.7550
2586,0.7543
2591,0.7536
2592,0.7529
2593,0.7521
2596,0.7514
2598,0.7507
2602,0.7500
2605,0.7493
2607,0.7486
2612,0.7479
2616,0.7472
2619,0.7465
2620,0.7457
2621,0.7450
2625,0.7443
2628,0.7436
2630,0.7429
2634,0.7422
2638,0.7415
2642,0.7408
2642,0.7402
2644,0.7395
2647,0.7388
2650,0.7381
2654,0.7383
2654,0.7386
2655,0.7388
2658,0.7390
2663,0.7393
2664,0.7395
2665,0.7398
2668,0.7400
2671,0.7403
2671,0.7405
2674,0.7407
2678,0.7410
2681,0.7412
2684,0.7415
2687,0.7417
2691,0.7419
2695,0.7422
2698,0.7424
2701,0.7426
2705,0.7429
2707,0.7431
2709,0.7434
2710,0.7436
2712,0.7438
2717,0.7441
2720,0.7443
2723,0.7445
2726,0.7448
2728,0.7450
2730,0.7452
2732,0.7455
2737,0.7457
2741,0.7459
2745,0.7461
2746,0.7464
2750,0.7466
2751,0.7468
2755,0.7471
2758,0.7473
2760,0.7475
2760,0.7477
2763,0.7480
2767,0.7482
2768,0.7484
2772,0.7487
2776,0.7489
2781,0.7491
2785,0.7493
2786,0.7496
2789,0.7498
2792,0.7500
2796,0.7502
2796,0.7504
2800,0.7507
2801,0.7509
2802,0.7511
2803,0.7513
2803,0.7516
2807,0.7518
2810,0.7520
2811,0.7522
2816,0.7524
2820,0.7527
2820,0.7529
2825,0.7531
2825,0.7533
2825,0.7535
2829,0.7537
2832,0.7540
2834,0.7542
2837,0.7544
2838,0.7546
2839,0.7548
2843,0.7550
2844,0.7552
2847,0.7555
2850,0.7557
2854,0.7559
2856,0.7561
2857,0.7563
2858,0.7565
2859,0.7567
2863,0.7569
2863,0.7572
2865,0.7574
2867,0.7576
2870,0.7578
2875,0.7580
2875,0.7582
2878,0.7584
2880,0.7586
2884,0.7588
2889,0.7590
2893,0.7592
2893,0.7595
2895,0.7597
2895,0.7599
2897,0.7601
2902,0.7603
2907,0.7605
2909,0.7607
2913,0.7609
2917,0.7611
2920,0.7613
2920,0.7615
2921,0.7617
2924,0.7619
2927,0.7621
2931,0.7623
2936,0.7625
2937,0.7627
2940,0.7629
2945,0.7631
2948,0.7633
2949,0.7635
2952,0.7637
2954,0.7639
2959,0.7641
2962,0.7643
2967,0.7645
2970,0.7647
2972,0.7649
2974,0.7651
2974,0.7653
2976,0.7655
2980,0.7657
2981,0.7659
2981,0.7661
2981,0.7663
2984,0.7665
2984,0.7667
2984,0.7669
2985,0.7671
2988,0.7672
2991,0.7674
2992,0.7676
2997,0.7678
2999,0.7680
3000,0.7682
3001,0.7684
3004,0.7686
3006,0.7688
3011,0.7690
3013,0.7692
3017,0.7694
3018,0.7695
3020,0.7697
3023,0.7699
3028,0.7701
3028,0.7703
3028,0.7705
3030,0.7707
3031,0.7709
3034,0.7711
3037,0.7712
3041,0.7714
3041,0.7716
3041,0.7718
3043,0.7720
3045,0.7722
3046,0.7724
3047,0.7725
3050,0.7727
3054,0.7729
3058,0.7731
3060,0.7733
3062,0.7735
3063,0.7736
3064,0.7738
3066,0.7740
3067,0.7742
3068,0.7744
3073,0.7746
3078,0.7747
3082,0.7749
3086,0.7751
3088,0.7753
3088,0.7755
3089,0.7756
3093,0.7758
3097,0.7760
3098,0.7762
3100,0.7764
3100,0.7765
3101,0.7767
3104,0.7769
3108,0.7771
3110,0.7772
3115,0.7774
3120,0.7776
3122,0.7778
3127,0.7780
3130,0.7781
3131,0.7783
3135,0.7785
3137,0.7787
3139,0.7788
3140,0.7790
3142,0.7792
3147,0.7794
3147,0.7795
3151,0.7797
3155,0.7799
3158,0.7800
3161,0.7802
3163,0.7804
3166,0.7806
3167,0.7807
3168,0.7809
3169,0.7811
3172,0.7812
3173,0.7814
3174,0.7816
3177,0.7818
3181,0.7819
3183,0.7821
3186,0.7823
3189,0.7824
3194,0.7826
3197,0.7828
3198,0.7829
3199,0.7831
3204,0.7833
3205,0.7834
3209,0.7836
3213,0.7838
3213,0.7840
3218,0.7841
3219,0.7843
3220,0.7844
3221,0.7846
3222,0.7848
3223,0.7849
3227,0.7851
3228,0.7853
3231,0.7854
3232,0.7856
3232,0.7858
3235,0.7859
3237,0.7861
3241,0.7863
3244,0.7864
3245,0.7866
3246,0.7867
3246,0.7869
3246,0.7871
3247,0.7872
3248,0.7874
3250,0.7876
3251,0.7877
3252,0.7879
3255,0.7880
3257,0.7882
3261,0.7884
3266,0.7885
3268,0.7879
3272,0.7873
3277,0.7867
3280,0.7861
3282,0.7856
3284,0.7850
3285,0.7844
3286,0.7838
3289,0.7832
3294,0.7826
3294,0.7820
3299,0.7814
3300,0.7809
3302,0.7803
3306,0.7797
3306,0.7791
3308,0.7785
3310,0.7779
3311,0.7774
3314,0.7768
3317,0.7762
3318,0.7756
3321,0.7751
3325,0.7745
3328,0.7739
3329,0.7733
3331,0.7728
3332,0.7722
3332,0.7716
3337,0.7710
3340,0.7705
3342,0.7699
3344,0.7693
3346,0.7688
3350,0.7682
3351,0.7676
3353,0.7671
3355,0.7665
3356,0.7660
3358,0.7654
3361,0.7648
3362,0.7643
3365,0.7637
3367,0.7632
3371,0.7626
3376,0.7620
3381,0.7615
3382,0.7609
3387,0.7611
3391,0.7613
3393,0.7615
3397,0.7616
3402,0.7618
3406,0.7620
3406,0.7621
3409,0.7623
3412,0.7625
3412,0.7627
3415,0.7628
3417,0.7630
3419,0.7632
3419,0.7633
3420,0.7635
3420,0.7637
3424,0.7639
3428,0.7640
3431,0.7642
3433,0.7644
3436,0.7645
3439,0.7647
3440,0.7649
3440,0.7650
3444,0.7652
3449,0.7654
3452,0.7655
3455,0.7657
3459,0.7659
3461,0.7660
3461,0.7662
3462,0.7664
3462,0.7665
3466,0.7667
3466,0.7669
3466,0.7670
3471,0.7672
3475,0.7674
3479,0.7675
3481,0.7677
3481,0.7679
3482,0.7680
3487,0.7682
3488,0.7684
3488,0.7685
3491,0.7687
3493,0.7689
3497,0.7690
3498,0.7692
3501,0.7693
3504,0.7695
3508,0.7697
3511,0.7698
3516,0.7700
3520,0.7701
3521,0.7703
3522,0.7705
3527,0.7706
3531,0.7708
3535,0.7709
3539,0.7711
3543,0.7713
3544,0.7714
3546,0.7716
3547,0.7717
3552,0.7719
3554,0.7721
3554,0.7722
3559,0.7724
3562,0.7725
3562,0.7727
3567,0.7729
3569,0.7730
3570,0.7732
3575,0.7733
3578,0.7735
3582,0.7736
3583,0.7738
3584,0.7739
3586,0.7741
3587,0.7743
3591,0.7744
3594,0.7746
3595,0.7747
3600,0.7749
3602,0.7750
3602,0.7752
3607,0.7753
3611,0.7755
3616,0.7756
3616,0.7758
3620,0.7760
3624,0.7761
3628,0.7763
3632,0.7764
3636,0.7766
3639,0.7767
3643,0.7769
3643,0.7770
3645,0.7772
3648,0.7773
3652,0.7775
3654,0.7776
3656,0.7778
3659,0.7779
3662,0.7781
3667,0.7782
3670,0.7784
3675,0.7785
3678,0.7787
3678,0.7788
3681,0.7790
3682,0.7791
3684,0.7793
3685,0.7794
3689,0.7796
3694,0.7797
3697,0.7799
3699,0.7800
3702,0.7802
3704,0.7803
3706,0.7805
3709,0.7806
3713,0.7807
3718,0.7809
3718,0.7810
3723,0.7812
3727,0.7813
3727,0.7815
3729,0.7816
3731,0.7818
3735,0.7812
3740,0.7807
3740,0.7802
3740,0.7797
3741,0.7792
3742,0.7787
3746,0.7781
3749,0.7776
3753,0.7771
3754,0.7766
3755,0.7761
3756,0.7756
3758,0.7751
3760,0.7746
3764,0.7740
3769,0.7735
3773,0.7730
3776,0.7725
3781,0.7720
3785,0.7715
3787,0.7710
3791,0.7705
3796,0.7700
3796,0.7695
3800,0.7690
3804,0.7685
3807,0.7680
3807,0.7675
3808,0.7670
3812,0.7665
3814,0.7660
3815,0.7655
3817,0.7650
3819,0.7645
3819,0.7640
3821,0.7635
3826,0.7630
3830,0.7625
3833,0.7620
3833,0.7615
3836,0.7610
3837,0.7605
3841,0.7600
3844,0.7595
3845,0.7590
3845,0.7586
3846,0.7581
3847,0.7576
3849,0.7571
3850,0.7566
3853,0.7561
3856,0.7556
3857,0.7551
3861,0.7547
3864,0.7542
3868,0.7537
3870,0.7532
3875,0.7527
3879,0.7522
3882,0.7518
3883,0.7513
3884,0.7508
3885,0.7503
3889,0.7498
3891,0.7494
3895,0.7489
3898,0.7484
3901,0.7479
3903,0.7475
3906,0.7470
3909,0.7465
3913,0.7460
3916,0.7456
3917,0.7451
3917,0.7446
3919,0.7441
3920,0.7437
3925,0.7432
3926,0.7427
3930,0.7423
3934,0.7418
3938,0.7420
3939,0.7421
3943,0.7423
3945,0.7424
3948,0.7426
3949,0.7428
3952,0.7429
3953,0.7431
3955,0.7433
3960,0.7434
3963,0.7436
3968,0.7437
3972,0.7439
3975,0.7441
3978,0.7442
3980,0.7444
3983,0.7445
3987,0.7447
3989,0.7449
3992,0.7450
3993,0.7452
3994,0.7453
3999,0.7455
4003,0.7456
4006,0.7458
4006,0.7460
4008,0.7461
4011,0.7463
4013,0.7464
4018,0.7466
4019,0.7467
4022,0.7469
4023,0.7471
4023,0.7472
4027,0.7474
4028,0.7475
4029,0.7477
4030,0.7478
4031,0.7480
4034,0.7482
4037,0.7483
4039,0.7485
4042,0.7486
4043,0.7488
4044,0.7489
4046,0.7491
4048,0.7492
4051,0.7494
4051,0.7495
4054,0.7497
4056,0.7498
4060,0.7500
4063,0.7502
4065,0.7503
4065,0.7505
4070,0.7506
4073,0.7508
4078,0.7509
4082,0.7511
4083,0.7512
4088,0.7514
4092,0.7515
4094,0.7517
4094,0.7518
4095,0.7520
4097,0.7521
4100,0.7523
4101,0.7524
4102,0.7526
4106,0.7527
4107,0.7529
4109,0.7530
4112,0.7532
4115,0.7533
4120,0.7535
4123,0.7536
4127,0.7538
4129,0.7539
4130,0.7541
4131,0.7542
4133,0.7544
4135,0.7545
4138,0.7546
4142,0.7548
4142,0.7549
4144,0.7551
4148,0.7552
4149,0.7554
4153,0.7555
4157,0.7557
4160,0.7558
4161,0.7560
4162,0.7561
4164,0.7563
4168,0.7564
4172,0.7565
4175,0.7567
4175,0.7568
4179,0.7570
4181,0.7571
4183,0.7573
4185,0.7574
4187,0.7576
4192,0.7577
4197,0.7578
4198,0.7580
4202,0.7581
4202,0.7583
4203,0.7584
4206,0.7586
4210,0.7587
4212,0.7588
4215,0.7590
4219,0.7591
4224,0.7593
4227,0.7594
4231,0.7596
4233,0.7597
4236,0.7598
4238,0.7600
4241,0.7601
4243,0.7603
4248,0.7604
4253,0.7605
4256,0.7607
4258,0.7608
4262,0.7610
4266,0.7611
4268,0.7612
4269,0.7614
4271,0.7615
4275,0.7617
4276,0.7618
4281,0.7619
4285,0.7621
4290,0.7622
4291,0.7623
4291,0.7625
4291,0.7626
4295,0.7628
4297,0.7629
4298,0.7630
4299,0.7632
4302,0.7633
4305,0.7634
4310,0.7636
4313,0.7637
4315,0.7639
4316,0.7640
4318,0.7641
4321,0.7643
4322,0.7644
4322,0.7645
4323,0.7647
4324,0.7648
4329,0.7649
4333,0.7651
4336,0.7652
4337,0.7653
4338,0.7655
4338,0.7656
4339,0.7658
4343,0.7659
4347,0.7660
4351,0.7662
4353,0.7663
4356,0.7664
4359,0.7666
4362,0.7667
4366,0.7668
4371,0.7670
4371,0.7671
4372,0.7672
4373,0.7673
4375,0.7675
4380,0.7676
4383,0.7677
4384,0.7679
4385,0.7680
4389,0.7681
4392,0.7683
4393,0.7684
4398,0.7685
4402,0.7687
4404,0.7688
4405,0.7689
4406,0.7691
4409,0.7692
4411,0.7693
4412,0.7694
4412,0.7696
4413,0.7697
4418,0.7698
4420,0.7700
4424,0.7701
4427,0.7702
4429,0.7698
4434,0.7694
4435,0.7689
4436,0.7685
4438,0.7681
4439,0.7676
4442,0.7672
4444,0.7668
4446,0.7663
4451,0.7659
4451,0.7655
4454,0.7651
4454,0.7646
4458,0.7642
4462,0.7638
4464,0.7634
4467,0.7629
4472,0.7625
4474,0.7621
4479,0.7617
4483,0.7612
4484,0.7608
4487,0.7604
4490,0.7600
4490,0.7596
4492,0.7591
4494,0.7587
4496,0.7583
4497,0.7579
4497,0.7575
4500,0.7570
4504,0.7566
4507,0.7562
4509,0.7558
4512,0.7554
4514,0.7550
4518,0.7545
4521,0.7541
4525,0.7537
4526,0.7533
4528,0.7529
4529,0.7525
4533,0.7521
4537,0.7516
4541,0.7512
4545,0.7508
4547,0.7504
4550,0.7500
4554,0.7496
4555,0.7492
4558,0.7488
4559,0.7484
4562,0.7480
4566,0.7475
4567,0.7471
4567,0.7467
4567,0.7463
4569,0.7459
4573,0.7455
4577,0.7451
4581,0.7447
4585,0.7443
4589,0.7439
4590,0.7435
4592,0.7436
4596,0.7438
4599,0.7439
4603,0.7440
4607,0.7442
4611,0.7443
4616,0.7445
4617,0.7446
4619,0.7447
4622,0.7449
4626,0.7450
4627,0.7452
4632,0.7453
4635,0.7454
4640,0.7456
4641,0.7457
4642,0.7458
4644,0.7460
4648,0.7461
4650,0.7462
4651,0.7458
4651,0.7454
4651,0.7450
4654,0.7446
4656,0.7442
4658,0.7439
4661,0.7435
4664,0.7431
4669,0.7427
4671,0.7423
4672,0.7419
4672,0.7415
4676,0.7411
4679,0.7412
4680,0.7414
4681,0.7415
4682,0.7416
4685,0.7418
4688,0.7419
4689,0.7420
4692,0.7422
4696,0.7423
4701,0.7424
4705,0.7426
4709,0.7427
4709,0.7429
4714,0.7430
4715,0.7431
4719,0.7433
4722,0.7434
4727,0.7435
4729,0.7437
4732,0.7438
4733,0.7439
4734,0.7441
4738,0.7442
4740,0.7443
4741,0.7445
4742,0.7446
4745,0.7447
4749,0.7449
4752,0.7450
4753,0.7451
4757,0.7453
4758,0.7454
4762,0.7455
4763,0.7457
4768,0.7458
4772,0.7459
4775,0.7461
4779,0.7462
4781,0.7463
4786,0.7465
4789,0.7466
4791,0.7467
4795,0.7469
4799,0.7470
4801,0.7471
4803,0.7473
4804,0.7474
4805,0.7475
4806,0.7477
4807,0.7478
4812,0.7479
4815,0.7481
4818,0.7482
4822,0.7483
4826,0.7484
4829,0.7486
4830,0.7487
4834,0.7488
4835,0.7490
4836,0.7491
4838,0.7492
4841,0.7494
4845,0.7495
4850,0.7496
4852,0.7497
4854,0.7499
4854,0.7500
4857,0.7501
4860,0.7503
4863,0.7504
4866,0.7505
4868,0.7506
4870,0.7508
4872,0.7509
4876,0.7510
4880,0.7512
4883,0.7513
4885,0.7514
4890,0.7515
4893,0.7517
4897,0.7518
4899,0.7519
4901,0.7520
4903,0.7522
4905,0.7523
4905,0.7524
4910,0.7525
4911,0.7527
4911,0.7528
4914,0.7529
4919,0.7530
4922,0.7532
4925,0.7533
4929,0.7534
4930,0.7535
4935,0.7537
4937,0.7538
4942,0.7539
4945,0.7540
4947,0.7542
4950,0.7543
4952,0.7544
4953,0.7545
4954,0.7547
4956,0.7548
4958,0.7549
4959,0.7550
4959,0.7552
4963,0.7553
4963,0.7554
4963,0.7555
4966,0.7557
4971,0.7558
4973,0.7559
4974,0.7560
4977,0.7561
4979,0.7563
4979,0.7564
4980,0.7565
4982,0.7566
4983,0.7568
4985,0.7569
4987,0.7570
4989,0.7571
4994,0.7572
4996,0.7574
4999,0.7575
5002,0.7576
5006,0.7577
5010,0.7578
5013,0.7580
5016,0.7581
5019,0.7582
5021,0.7583
5021,0.7584
5024,0.7581
5027,0.7577
5031,0.7573
5032,0.7569
5034,0.7566
5039,0.7562
5040,0.7558
5044,0.7554
5049,0.7551
5054,0.7547
5058,0.7543
5062,0.7544
5063,0.7546
5067,0.7547
5068,0.7548
5070,0.7549
5073,0.7551
5077,0.7552
5078,0.7553
5082,0.7554
5085,0.7555
5088,0.7557
5088,0.7558
5093,0.7559
5097,0.7560
5099,0.7561
5099,0.7563
5102,0.7564
5102,0.7565
5105,0.7566
5107,0.7567
5111,0.7568
5114,0.7570
5115,0.7571
5119,0.7572
5120,0.7573
5122,0.7574
5125,0.7576
5130,0.7577
5132,0.7578
5136,0.7579
5137,0.7580
5138,0.7582
5142,0.7583
5142,0.7584
5145,0.7585
5146,0.7586
5147,0.7587
5149,0.7589
5150,0.7590
5153,0.7591
5158,0.7592
5159,0.7593
5164,0.7594
5164,0.7596
5167,0.7597
5171,0.7598
5173,0.7599
5176,0.7600
5177,0.7601
5182,0.7603
5185,0.7604
5190,0.7605
5191,0.7606
5192,0.7607
5194,0.7608
5195,0.7609
5199,0.7611
5202,0.7612
5203,0.7613
5206,0.7614
5209,0.7615
5210,0.7616
5210,0.7617
5211,0.7619
5216,0.7620
5217,0.7621
5217,0.7622
5219,0.7623
5221,0.7624
5223,0.7625
5226,0.7627
5231,0.7628
5234,0.7629
5234,0.7630
5236,0.7631
5240,0.7632
5242,0.7633
5242,0.7634
5246,0.7636
5248,0.7637
5252,0.7638
5253,0.7639
5256,0.7640
5257,0.7641
5260,0.7642
5265,0.7643
5266,0.7645
5269,0.7646
5272,0.7647
5274,0.7648
5276,0.7649
5278,0.7650
5280,0.7651
5282,0.7652
5284,0.7653
5288,0.7655
5290,0.7656
5295,0.7657
5296,0.7658
5296,0.7659
5301,0.7660
5301,0.7661
5303,0.7662
5305,0.7663
5308,0.7664
5312,0.7666
5313,0.7667
5316,0.7668
5318,0.7669
5319,0.7670
5323,0.7671
5327,0.7672
5332,0.7673
5332,0.7674
5333,0.7675
5338,0.7676
5342,0.7678
5345,0.7679
5345,0.7680
5349,0.7681
5353,0.7682
5357,0.7683
5357,0.7684
5360,0.7685
5360,0.7686
5364,0.7687
5365,0.7688
5366,0.7689
5369,0.7691
5371,0.7692
5375,0.7693
5378,0.7694
5383,0.7695
5387,0.7696
5388,0.7697
5393,0.7698
5393,0.7699
5398,0.7700
5401,0.7701
5404,0.7702
5407,0.7703
5409,0.7704
5412,0.7705
5413,0.7707
5414,0.7708
5414,0.7709
5416,0.7710
5418,0.7711
5420,0.7712
5420,0.7713
5420,0.7714
5422,0.7715
5425,0.7716
5428,0.7717
5431,0.7718
5435,0.7719
5440,0.7720
5444,0.7721
5447,0.7722
5451,0.7723
5454,0.7724
5456,0.7725
5456,0.7726
5461,0.7727
5461,0.7729
5464,0.7730
5464,0.7731
5464,0.7732
5469,0.7733
5471,0.7734
5476,0.7735
5478,0.7736
5483,0.7737
5487,0.7738
5488,0.7739
5489,0.7740
5490,0.7741
5493,0.7742
5495,0.7743
5496,0.7744
5496,0.7745
5497,0.7746
5499,0.7747
5501,0.7748
5505,0.7749
5508,0.7750
5510,0.7751
5515,0.7752
5519,0.7753
5520,0.7754
5523,0.7755
5524,0.7756
5529,0.7757
5530,0.7758
5533,0.7759
5537,0.7760
5541,0.7761
5544,0.7762
5545,0.7763
5547,0.7764
5550,0.7765
5552,0.7766
5554,0.7767
5555,0.7768
5557,0.7769
5560,0.7770
5562,0.7771
5565,0.7772
5569,0.7773
5574,0.7774
5576,0.7775
5579,0.7776
5583,0.7777
5584,0.7778
5588,0.7779
5591,0.7780
5596,0.7781
5597,0.7782
5600,0.7783
5601,0.7784
5602,0.7785
5606,0.7786
5610,0.7787
5614,0.7788
5615,0.7789
5615,0.7790
5619,0.7791
5620,0.7792
5624,0.7793
5626,0.7794
5629,0.7795
5631,0.7796
5631,0.7797
5633,0.7798
5637,0.7799
5640,0.7800
5641,0.7801
5641,0.7802
5646,0.7803
5648,0.7804
5652,0.7805
5654,0.7806
5658,0.7807
5659,0.7808
5662,0.7809
5667,0.7810
5670,0.7811
5670,0.7812
5674,0.7812
5677,0.7813
5679,0.7814
5680,0.7815
5680,0.7816
5681,0.7817
5685,0.7818
5687,0.7819
5691,0.7816
5695,0.7812
5700,0.7809
5701,0.7806
5703,0.7802
5705,0.7799
5707,0.7795
5709,0.7792
5710,0.7788
5712,0.7785
5717,0.7782
5719,0.7778
5724,0.7775
5726,0.7771
5730,0.7768
5734,0.7765
5736,0.7761
5741,0.7758
5744,0.7755
5747,0.7751
5752,0.7748
5752,0.7744
5754,0.7741
5754,0.7738
5755,0.7734
5760,0.7731
5760,0.7728
5762,0.7724
5763,0.7721
5766,0.7718
5766,0.7714
5769,0.7711
5772,0.7708
5775,0.7704
5777,0.7701
5777,0.7698
5781,0.7694
5783,0.7691
5784,0.7688
5787,0.7684
5787,0.7681
5787,0.7678
5792,0.7679
5793,0.7680
5793,0.7681
5795,0.7682
5800,0.7683
5804,0.7684
5809,0.7685
5809,0.7686
5814,0.7687
5816,0.7688
5817,0.7689
5818,0.7690
5820,0.7691
5820,0.7692
5820,0.7693
5823,0.7694
5825,0.7695
5828,0.7696
5833,0.7697
5837,0.7698
5839,0.7699
5843,0.7700
5846,0.7701
5849,0.7701
5852,0.7702
5854,0.7703
5857,0.7704
5862,0.7705
5862,0.7706
5865,0.7707
5868,0.7708
5872,0.7709
5874,0.7710
5878,0.7711
5882,0.7712
5886,0.7713
5890,0.7714
5892,0.7715
5897,0.7716
5899,0.7717
5901,0.7718
5905,0.7719
5906,0.7720
5911,0.7721
5911,0.7722
5911,0.7723
5916,0.7724
5917,0.7725
5921,0.7726
5923,0.7727
5923,0.7728
5924,0.7729
5927,0.7730
5931,0.7731
5933,0.7731
5936,0.7732
5937,0.7733
5940,0.7734
5941,0.7735
5945,0.7736
5949,0.7737
5950,0.7738
5954,0.7739
5956,0.7740
5957,0.7741
5961,0.7742
5963,0.7743
5965,0.7744
5969,0.7745
5972,0.7746
5975,0.7747
5978,0.7748
5982,0.7749
5987,0.7749
5991,0.7750
5992,0.7751
5994,0.7752
5998,0.7753
5999,0.7754
6002,0.7755
6005,0.7756
6007,0.7757
6010,0.7758
6014,0.7759
6015,0.7760
6019,0.7761
6019,0.7762
6021,0.7763
6023,0.7763
6028,0.7764
6030,0.7765
6034,0.7766
6037,0.7767
6039,0.7768
6040,0.7769
6042,0.7770
6044,0.7771
6048,0.7772
6051,0.7773
6051,0.7774
6055,0.7775
6059,0.7775
6060,0.7776
6062,0.7777
6067,0.7778
6069,0.7779
6070,0.7780
6072,0.7781
6076,0.7782
6078,0.7783
6078,0.7784
6083,0.7785
6087,0.7786
6088,0.7786
6091,0.7787
6094,0.7788
6095,0.7789
6098,0.7790
6101,0.7791
6105,0.7792
6108,0.7793
6108,0.7794
6108,0.7795
6112,0.7796
6112,0.7796
6116,0.7797
6118,0.7798
6122,0.7799
6124,0.7800
6126,0.7801
6130,0.7802
6133,0.7803
6137,0.7804
6138,0.7804
6140,0.7805
6143,0.7806
6145,0.7807
6147,0.7808
6150,0.7809
6155,0.7806
6160,0.7803
6161,0.7799
6165,0.7796
6165,0.7793
6167,0.7790
6168,0.7787
6171,0.7784
6174,0.7780
6179,0.7777
6180,0.7774
6184,0.7771
6188,0.7768
6191,0.7765
6196,0.7762
6200,0.7758
6202,0.7755
6206,0.7752
6207,0.7749
6210,0.7746
6210,0.7743
6212,0.7740
6212,0.7737
6216,0.7733
6220,0.7730
6221,0.7727
6224,0.7724
6224,0.7721
6229,0.7718
6230,0.7715
6234,0.7712
6236,0.7709
6237,0.7706
6238,0.7702
6242,0.7699
6246,0.7696
6251,0.7693
6256,0.7690
6257,0.7687
6260,0.7684
6263,0.7681
6267,0.7678
6268,0.7675
6270,0.7672
6274,0.7669
6278,0.7666
6280,0.7663
6281,0.7659
6284,0.7656
6288,0.7653
6290,0.7650
6291,0.7647
6292,0.7644
6295,0.7641
6299,0.7638
6303,0.7635
6304,0.7632
6306,0.7629
6309,0.7626
6311,0.7623
6316,0.7620
6319,0.7617
6320,0.7614
6323,0.7611
6324,0.7608
6329,0.7609
6333,0.7610
6335,0.7611
6337,0.7612
6338,0.7613
6339,0.7614
6340,0.7615
6340,0.7615
6341,0.7616
6343,0.7617
6348,0.7618
6351,0.7619
6352,0.7620
6356,0.7621
6359,0.7622
6363,0.7623
6364,0.7624
6367,0.7625
6367,0.7626
6369,0.7627
6370,0.7628
6371,0.7629
6374,0.7630
6376,0.7630
6376,0.7631
6377,0.7632
6381,0.7633
6381,0.7634
6382,0.7635
6385,0.7636
6388,0.7637
6393,0.7638
6397,0.7639
6401,0.7640
6405,0.7641
6409,0.7642
6409,0.7642
6409,0.7643
6414,0.7644
6416,0.7645
6417,0.7646
6419,0.7647
6421,0.7648
6421,0.7649
6426,0.7650
6426,0.7651
6431,0.7652
6431,0.7653
6436,0.7653
6437,0.7654
6438,0.7655
6439,0.7656
6443,0.7657
6444,0.7658
6447,0.7659
6450,0.7660
6453,0.7661
6457,0.7662
6459,0.7663
6463,0.7663
6464,0.7664
6467,0.7665
6471,0.7666
6473,0.7667
6474,0.7668
6478,0.7669
6481,0.7670
6486,0.7671
6488,0.7672
6491,0.7672
6491,0.7673
6496,0.7674
6497,0.7675
6501,0.7676
6502,0.7677
6506,0.7678
6506,0.7679
6511,0.7680
6512,0.7680
6517,0.7681
6518,0.7682
6519,0.7683
6521,0.7684
6523,0.7685
6525,0.7686
6526,0.7687
6530,0.7688
6535,0.7688
6535,0.7689
6538,0.7690
6539,0.7691
6543,0.7692
6547,0.7693
6552,0.7694
6556,0.7695
6557,0.7696
6561,0.7696
6565,0.7697
6569,0.7698
6573,0.7699
6577,0.7700
6580,0.7701
6581,0.7702
6584,0.7703
6588,0.7703
6590,0.7704
6595,0.7705
6595,0.7706
6598,0.7707
6600,0.7708
6602,0.7709
6603,0.7710
6604,0.7710
6606,0.7711
6607,0.7712
6611,0.7713
6615,0.7714
6617,0.7715
6619,0.7716
6621,0.7716
6622,0.7717
6626,0.7718
6626,0.7719
6628,0.7720
6629,0.7721
6629,0.7722
6634,0.7722
6636,0.7723
6640,0.7724
6642,0.7725
6643,0.7726
6643,0.7727
6647,0.7728
6647,0.7728
6648,0.7729
6652,0.7730
6653,0.7731
6654,0.7732
6656,0.7733
6656,0.7734
6657,0.7734
6658,0.7735
6658,0.7736
6659,0.7737
6664,0.7738
6668,0.7739
6673,0.7740
6677,0.7740
6682,0.7741
6687,0.7742
6688,0.7743
6689,0.7744
6691,0.7745
6695,0.7745
6695,0.7746
6696,0.7747
6700,0.7748
6703,0.7749
6703,0.7750
6705,0.7750
6708,0.7751
6708,0.7752
6711,0.7753
6715,0.7754
6720,0.7755
6721,0.7755
6723,0.7756
6724,0.7757
6725,0.7758
6728,0.7759
6729,0.7760
6731,0.7760
6732,0.7761
6734,0.7762
6734,0.7763
6738,0.7764
6741,0.7765
6744,0.7765
6749,0.7766
6750,0.7767
6753,0.7768
6754,0.7769
6755,0.7770
6758,0.7770
6762,0.7771
6762,0.7772
6764,0.7773
6766,0.7774
6769,0.7775
6773,0.7775
6777,0.7776
6782,0.7777
6785,0.7778
6786,0.7779
6787,0.7779
6790,0.7780
6795,0.7781
6798,0.7782
6802,0.7783
6803,0.7783
6807,0.7784
6811,0.7785
6814,0.7786
6816,0.7787
6818,0.7788
6821,0.7788
6822,0.7789
6825,0.7790
6830,0.7791
6834,0.7792
6837,0.7792
6841,0.7793
6841,0.7794
6845,0.7795
6848,0.7796
6849,0.7796
6850,0.7797
6853,0.7798
6856,0.7799
6856,0.7800
6859,0.7800
6864,0.7801
6867,0.7802
6869,0.7803
6872,0.7804
6874,0.7804
6876,0.7805
6877,0.7806
6881,0.7807
6882,0.7808
6885,0.7808
6889,0.7809
6890,0.7810
6891,0.7811
6892,0.7812
6894,0.7812
6894,0.7813
6896,0.7814
6901,0.7815
6905,0.7816
6908,0.7816
6910,0.7817
6915,0.7818
6917,0.7819
6919,0.7819
6924,0.7820
6925,0.7821
6928,0.7822
6931,0.7823
6934,0.7823
6937,0.7824
6941,0.7825
6942,0.7826
6944,0.7827
6947,0.7827
6949,0.7828
6951,0.7829
6953,0.7830
6953,0.7830
6954,0.7831
6956,0.7832
6961,0.7833
6961,0.7834
6966,0.7834
6968,0.7835
6968,0.7836
6969,0.7837
6971,0.7837
6976,0.7838
6977,0.7839
6977,0.7840
6981,0.7841
6982,0.7841
6985,0.7842
6988,0.7843
6990,0.7844
6991,0.7844
6992,0.7845
6992,0.7846
6996,0.7847
6997,0.7847
6999,0.7848
7003,0.7845
7006,0.7843
7007,0.7840
7009,0.7837
7013,0.7834
7018,0.7831
7019,0.7829
7020,0.7826
7021,0.7823
7022,0.7820
7024,0.7818
7025,0.7815
7029,0.7812
7032,0.7809
7035,0.7807
7039,0.7804
7044,0.7801
7047,0.7798
7050,0.7795
7055,0.7793
7058,0.7790
7062,0.7787
7065,0.7784
7070,0.7782
7074,0.7779
7079,0.7776
7082,0.7773
7083,0.7771
7086,0.7768
7086,0.7765
7091,0.7763
7094,0.7760
7097,0.7757
7098,0.7754
7101,0.7752
7102,0.7749
7106,0.7746
7110,0.7743
7111,0.7741
7113,0.7738
7115,0.7735
7115,0.7733
7119,0.7730
7122,0.7727
7125,0.7724
7129,0.7722
7133,0.7719
7137,0.7716
7139,0.7714
7140,0.7711
7144,0.7708
7146,0.7705
7148,0.7703
7153,0.7700
7156,0.7697
7157,0.7695
7160,0.7692
7165,0.7693
7169,0.7694
7171,0.7694
7176,0.7695
7180,0.7696
7185,0.7697
7188,0.7698
7191,0.7698
7193,0.7699
7197,0.7700
7200,0.7701
7202,0.7702
7204,0.7702
7207,0.7703
7210,0.7704
7213,0.7705
7216,0.7706
7217,0.7706
7221,0.7707
7222,0.7708
7225,0.7709
7229,0.7710
7231,0.7710
7233,0.7711
7233,0.7712
7233,0.7713
7237,0.7714
7240,0.7714
7245,0.7715
7247,0.7716
7250,0.7717
7253,0.7718
7253,0.7718
7254,0.7719
7258,0.7720
7259,0.7721
7262,0.7721
7263,0.7722
7266,0.7723
7270,0.7724
7271,0.7725
7275,0.7725
7280,0.7726
7281,0.7727
7283,0.7728
7285,0.7729
7289,0.7729
7293,0.7730
7297,0.7731
7299,0.7732
7300,0.7732
7300,0.7733
7301,0.7734
7302,0.7735
7302,0.7736
7304,0.7736
7306,0.7737
7308,0.7738
7311,0.7739
7314,0.7739
7315,0.7740
7317,0.7741
7322,0.7742
7326,0.7742
7327,0.7743
7331,0.7744
7333,0.7745
7335,0.7746
7337,0.7746
7338,0.7747
7341,0.7748
7344,0.7749
7345,0.7749
7350,0.7750
7350,0.7751
7355,0.7752
7358,0.7752
7361,0.7753
7365,0.7754
7365,0.7755
7366,0.7756
7370,0.7756
7370,0.7757
7371,0.7758
7373,0.7759
7377,0.7759
7382,0.7760
7383,0.7761
7383,0.7762
7383,0.7762
7385,0.7763
7385,0.7764
7387,0.7765
7391,0.7765
7395,0.7766
7396,0.7767
7396,0.7768
7400,0.7768
7405,0.7769
7406,0.7770
7410,0.7771
7413,0.7771
7414,0.7772
7416,0.7773
7419,0.7774
7419,0.7774
7420,0.7775
7420,0.7776
7421,0.7777
7422,0.7777
7423,0.7778
7427,0.7779
7430,0.7780
7433,0.7780
7437,0.7781
7439,0.7782
7442,0.7783
7443,0.7783
7446,0.7784
7448,0.7785
7452,0.7786
7455,0.7786
7459,0.7787
7463,0.7788
7466,0.7789
7469,0.7789
7474,0.7790
7475,0.7791
7479,0.7792
7480,0.7792
7484,0.7793
7485,0.7794
7488,0.7794
7490,0.7795
7494,0.7796
7497,0.7797
7498,0.7797
7500,0.7798
7500,0.7799
7505,0.7800
7507,0.7800
7511,0.7801
7516,0.7802
7518,0.7803
7519,0.7803
7520,0.7804
7523,0.7805
7528,0.7805
7531,0.7806
7532,0.7807
7534,0.7808
7535,0.7808
7535,0.7809
7536,0.7810
7539,0.7811
7539,0.7811
7541,0.7812
7542,0.7813
7546,0.7813
7549,0.7814
7553,0.7815
7554,0.7816
7556,0.7816
7559,0.7817
7562,0.7818
7566,0.7818
7569,0.7819
7570,0.7820
7574,0.7821
7578,0.7821
7578,0.7822
7581,0.7823
7582,0.7824
7587,0.7824
7587,0.7825
7591,0.7826
7595,0.7826
7597,0.7827
7597,0.7828
7598,0.7829
7600,0.7829
7605,0.7830
7606,0.7831
7608,0.7831
7609,0.7832
7612,0.7833
7615,0.7833
7620,0.7834
7625,0.7835
7627,0.7836
7631,0.7836
7634,0.7837
7638,0.7838
7641,0.7838
7644,0.7839
7645,0.7840
7649,0.7841
7653,0.7841
7656,0.7842
7657,0.7843
7662,0.7843
7665,0.7844
7667,0.7845
7669,0.7846
7671,0.7846
7675,0.7847
7676,0.7848
7678,0.7848
7678,0.7849
7683,0.7850
7685,0.7850
7689,0.7851
7689,0.7852
7693,0.7853
7694,0.7853
7698,0.7854
7699,0.7855
7703,0.7855
7707,0.7856
7708,0.7857
7708,0.7857
7708,0.7858
7708,0.7859
7710,0.7859
7715,0.7860
7717,0.7861
7721,0.7862
7724,0.7862
7724,0.7863
7724,0.7864
7725,0.7864
7725,0.7865
7729,0.7862
7733,0.7860
7734,0.7857
7738,0.7855
7742,0.7852
7743,0.7850
7747,0.7847
7749,0.7845
7753,0.7842
7757,0.7840
7759,0.7837
7763,0.7835
7766,0.7832
7769,0.7830
7774,0.7827
7778,0.7825
7779,0.7822
7780,0.7820
7780,0.7817
7781,0.7815
7785,0.7812
7787,0.7809
7788,0.7807
7788,0.7804
7791,0.7802
7792,0.7799
7795,0.7797
7796,0.7794
7798,0.7792
7800,0.7790
7803,0.7787
7808,0.7785
7812,0.7782
7812,0.7780
7816,0.7777
7816,0.7775
7820,0.7775
7822,0.7776
7823,0.7777
7823,0.7777
7827,0.7778
7829,0.7779
7832,0.7780
7833,0.7780
7837,0.7781
7838,0.7782
7843,0.7782
7847,0.7783
7849,0.7784
7852,0.7784
7856,0.7785
7860,0.7786
7860,0.7787
7860,0.7787
7865,0.7788
7867,0.7789
7871,0.7789
7875,0.7790
7878,0.7791
7881,0.7792
7882,0.7792
7883,0.7793
7885,0.7794
7886,0.7794
7889,0.7795
7892,0.7796
7896,0.7796
7897,0.7797
7900,0.7798
7903,0.7798
7906,0.7799
7907,0.7800
7909,0.7801
7912,0.7801
7915,0.7802
7916,0.7803
7921,0.7803
7922,0.7804
7925,0.7805
7930,0.7805
7933,0.7806
7933,0.7807
7934,0.7807
7939,0.7808
7940,0.7809
7943,0.7810
7946,0.7810
7949,0.7811
7950,0.7812
7952,0.7812
7957,0.7813
7958,0.7814
7962,0.7814
7965,0.7815
7967,0.7816
7970,0.7816
7971,0.7817
7972,0.7818
7974,0.7818
7975,0.7819
7976,0.7820
7979,0.7821
7979,0.7821
7980,0.7822
7982,0.7823
7986,0.7823
7990,0.7824
7993,0.7825
7996,0.7825
7997,0.7826
8000,0.7827
8003,0.7827
8007,0.7828
8009,0.7829
8011,0.7829
8015,0.7830
8019,0.7831
8021,0.7831
8023,0.7832
8024,0.7833
8027,0.7833
8031,0.7834
8035,0.7835
8037,0.7835
8037,0.7836
8040,0.7834
8044,0.7831
8048,0.7829
8048,0.7826
8051,0.7824
8053,0.7822
8053,0.7819
8054,0.7817
8054,0.7814
8058,0.7812
8062,0.7809
8065,0.7807
8069,0.7805
8072,0.7802
8075,0.7800
8080,0.7797
8085,0.7795
8086,0.7793
8088,0.7790
8088,0.7788
8089,0.7785
8094,0.7783
8097,0.7781
8099,0.7778
8102,0.7776
8103,0.7773
8106,0.7771
8109,0.7769
8112,0.7766
8114,0.7764
8117,0.7761
8121,0.7759
8126,0.7757
8126,0.7754
8131,0.7752
8135,0.7749
8138,0.7747
8138,0.7745
8141,0.7742
8142,0.7740
8147,0.7738
8148,0.7735
8148,0.7733
8151,0.7730
8153,0.7728
8157,0.7726
8159,0.7723
8160,0.7721
8161,0.7719
8165,0.7716
8170,0.7714
8173,0.7712
8175,0.7709
8176,0.7707
8177,0.7705
8178,0.7702
8183,0.7700
8185,0.7697
8187,0.7695
8190,0.7693
8193,0.7690
8194,0.7688
8194,0.7686
8198,0.7683
8199,0.7681
8203,0.7679
8205,0.7676
8206,0.7674
8207,0.7672
8208,0.7669
8210,0.7667
8213,0.7665
8214,0.7662
8216,0.7660
8220,0.7658
8222,0.7655
8222,0.7653
8223,0.7651
8228,0.7652
8232,0.7652
8236,0.7653
8236,0.7654
8241,0.7654
8245,0.7655
8248,0.7656
8253,0.7656
8256,0.7657
8257,0.7658
8260,0.7659
8265,0.7659
8267,0.7660
8267,0.7661
8268,0.7661
8273,0.7662
8277,0.7663
8281,0.7664
8284,0.7664
8285,0.7665
8290,0.7666
8291,0.7666
8292,0.7667
8294,0.7668
8297,0.7668
8298,0.7669
8299,0.7670
8299,0.7671
8303,0.7671
8305,0.7672
8307,0.7673
8308,0.7673
8309,0.7674
8310,0.7675
8311,0.7675
8313,0.7676
8317,0.7677
8319,0.7678
8320,0.7678
8321,0.7679
8325,0.7680
8329,0.7680
8332,0.7681
8336,0.7682
8338,0.7682
8340,0.7683
8344,0.7684
8344,0.7684
8348,0.7685
8350,0.7686
8351,0.7687
8352,0.7687
8352,0.7688
8356,0.7689
8359,0.7689
8359,0.7690
8360,0.7691
8360,0.7691
8364,0.7692
8364,0.7693
8366,0.7693
8368,0.7694
8369,0.7695
8370,0.7696
8371,0.7696
8375,0.7697
8380,0.7698
8385,0.7698
8386,0.7699
8389,0.7700
8391,0.7700
8394,0.7701
8397,0.7702
8398,0.7702
8399,0.7703
8400,0.7704
8404,0.7704
8407,0.7705
8408,0.7706
8409,0.7706
8410,0.7707
8414,0.7708
8414,0.7708
8415,0.7709
8415,0.7710
8418,0.7710
8419,0.7711
8420,0.7712
8425,0.7713
8430,0.7713
8433,0.7714
8435,0.7715
8437,0.7715
8438,0.7716
8442,0.7717
8446,0.7717
8447,0.7718
8448,0.7719
8449,0.7719
8453,0.7720
8458,0.7721
8458,0.7721
8460,0.7722
8464,0.7723
8466,0.7723
8467,0.7724
8471,0.7725
8473,0.7725
8475,0.7726
8476,0.7727
8480,0.7727
8483,0.7728
8488,0.7729
8492,0.7729
8493,0.7730
8493,0.7731
8495,0.7731
8496,0.7732
8498,0.7733
8501,0.7733
8505,0.7734
8506,0.7735
8510,0.7735
8514,0.7736
8518,0.7737
8522,0.7737
8525,0.7738
8529,0.7739
8529,0.7739
8534,0.7740
8534,0.7741
8538,0.7741
8538,0.7742
8540,0.7742
8542,0.7743
8544,0.7744
8549,0.7744
8553,0.7745
8557,0.7746
8561,0.7746
8561,0.7747
8564,0.7745
8566,0.7743
8570,0.7740
8574,0.7738
8578,0.7736
8579,0.7734
8583,0.7731
8585,0.7729
8587,0.7727
8592,0.7725
8592,0.7722
8593,0.7720
8594,0.7718
8596,0.7716
8596,0.7713
8599,0.7711
8600,0.7709
8601,0.7707
8604,0.7705
8608,0.7702
8613,0.7700
8617,0.7698
8620,0.7696
8623,0.7693
8626,0.7691
8630,0.7689
8634,0.7687
8636,0.7685
8639,0.7682
8641,0.7680
8645,0.7678
8648,0.7676
8649,0.7673
8653,0.7671
8657,0.7669
8661,0.7667
8665,0.7665
8669,0.7662
8674,0.7660
8678,0.7658
8679,0.7656
8682,0.7654
8683,0.7651
8685,0.7649
8690,0.7647
8693,0.7645
8694,0.7643
8697,0.7640
8699,0.7638
8699,0.7636
8702,0.7634
8707,0.7632
8712,0.7630
8712,0.7627
8716,0.7625
8720,0.7623
8721,0.7621
8726,0.7619
8729,0.7616
8729,0.7614
8733,0.7612
8734,0.7610
8738,0.7608
8740,0.7606
8744,0.7603
8749,0.7601
8749,0.7599
8752,0.7597
8756,0.7595
8757,0.7593
8758,0.7590
8761,0.7588
8766,0.7586
8770,0.7584
8770,0.7582
8774,0.7580
8779,0.7577
8780,0.7575
8785,0.7573
8785,0.7571
8789,0.7569
8793,0.7567
8794,0.7565
8795,0.7562
8796,0.7560
8796,0.7558
8801,0.7556
8802,0.7554
8806,0.7552
8808,0.7550
8810,0.7547
8814,0.7548
8818,0.7549
8819,0.7550
8821,0.7550
8821,0.7551
8823,0.7552
8826,0.7552
8827,0.7553
8827,0.7554
8829,0.7554
8832,0.7555
8835,0.7556
8838,0.7556
8841,0.7557
8844,0.7558
8847,0.7559
8848,0.7559
8853,0.7560
8856,0.7561
8861,0.7561
8864,0.7562
8865,0.7563
8869,0.7563
8872,0.7564
8877,0.7565
8880,0.7565
8883,0.7566
8884,0.7567
8888,0.7567
8890,0.7568
8893,0.7569
8896,0.7569
8900,0.7570
8904,0.7571
8906,0.7572
8907,0.7572
8912,0.7573
8916,0.7574
8920,0.7574
8923,0.7575
8926,0.7576
8931,0.7576
8931,0.7577
8935,0.7578
8940,0.7578
8941,0.7579
8943,0.7580
8944,0.7580
8945,0.7581
8948,0.7582
8948,0.7582
8952,0.7583
8956,0.7584
8959,0.7584
8962,0.7585
8963,0.7586
8964,0.7586
8967,0.7587
8970,0.7588
8975,0.7588
8978,0.7589
8981,0.7590
8983,0.7590
8987,0.7591
8991,0.7592
8995,0.7592
8996,0.7593
9000,0.7594
9003,0.7594
9005,0.7595
9005,0.7596
9010,0.7596
9012,0.7597
9015,0.7598
9018,0.7598
9018,0.7599
9020,0.7600
9022,0.7600
9027,0.7601
9029,0.7602
9033,0.7602
9037,0.7603
9041,0.7604
9045,0.7604
9048,0.7605
9052,0.7606
9054,0.7606
9055,0.7607
9056,0.7608
9059,0.7608
9060,0.7609
9064,0.7610
9067,0.7610
9067,0.7611
9068,0.7612
9071,0.7612
9076,0.7613
9078,0.7614
9078,0.7614
9079,0.7615
9080,0.7616
9080,0.7616
9083,0.7617
9083,0.7618
9086,0.7618
9090,0.7619
9091,0.7620
9093,0.7620
9097,0.7621
9101,0.7622
9103,0.7622
9103,0.7623
9105,0.7623
9107,0.7624
9112,0.7625
9115,0.7625
9117,0.7626
9121,0.7627
9124,0.7627
9125,0.7628
9126,0.7629
9126,0.7629
9127,0.7630
9129,0.7631
9133,0.7631
9135,0.7632
9138,0.7633
9142,0.7633
9144,0.7634
9146,0.7635
9146,0.7635
9147,0.7636
9148,0.7636
9151,0.7637
9152,0.7638
9154,0.7638
9158,0.7639
9160,0.7640
9163,0.7640
9163,0.7641
9164,0.7642
9165,0.7642
9169,0.7643
9169,0.7644
9172,0.7644
9174,0.7645
9177,0.7645
9182,0.7646
9184,0.7647
9188,0.7647
9193,0.7648
9196,0.7649
9198,0.7647
9198,0.7645
9201,0.7642
9206,0.7640
9208,0.7638
9211,0.7636
9215,0.7634
9218,0.7632
9221,0.7630
9221,0.7628
9223,0.7626
9227,0.7624
9228,0.7622
9230,0.7620
9231,0.7618
9236,0.7616
9237,0.7614
9242,0.7611
9243,0.7609
9246,0.7607
9248,0.7605
9249,0.7603
9250,0.7601
9252,0.7599
9253,0.7597
9256,0.7595
9259,0.7593
9264,0.7591
9269,0.7589
9273,0.7587
9276,0.7585
9280,0.7583
9283,0.7581
9284,0.7579
9285,0.7577
9286,0.7575
9286,0.7573
9287,0.7571
9287,0.7569
9290,0.7566
9294,0.7564
9296,0.7562
9296,0.7560
9298,0.7558
9298,0.7556
9301,0.7554
9304,0.7552
9308,0.7550
9310,0.7548
9313,0.7546
9316,0.7544
9317,0.7542
9320,0.7540
9323,0.7538
9327,0.7536
9328,0.7534
9332,0.7532
9335,0.7530
9336,0.7528
9339,0.7526
9342,0.7524
9346,0.7522
9351,0.7520
9353,0.7518
9356,0.7516
9360,0.7514
9362,0.7512
9363,0.7510
9364,0.7508
9365,0.7506
9365,0.7504
9369,0.7502
9372,0.7500
9372,0.7498
9376,0.7496
9379,0.7494
9383,0.7492
9385,0.7490
9388,0.7488
9392,0.7486
9396,0.7484
9401,0.7482
9404,0.7480
9407,0.7478
9409,0.7476
9412,0.7474
9412,0.7472
9416,0.7470
9417,0.7468
9421,0.7466
9423,0.7464
9426,0.7462
9429,0.7460
9434,0.7461
9436,0.7462
9438,0.7462
9441,0.7463
9445,0.7464
9446,0.7464
9450,0.7465
9454,0.7466
9456,0.7466
9457,0.7467
9459,0.7468
9463,0.7468
9466,0.7469
9469,0.7470
9474,0.7470
9475,0.7471
9479,0.7472
9482,0.7472
9484,0.7473
9486,0.7474
9487,0.7474
9488,0.7475
9492,0.7476
9493,0.7476
9494,0.7477
9497,0.7478
9500,0.7478
9500,0.7479
9501,0.7480
9504,0.7480
9507,0.7481
9510,0.7482
9513,0.7482
9517,0.7483
9519,0.7484
9524,0.7484
9525,0.7485
9528,0.7486
9533,0.7486
9533,0.7487
9536,0.7488
9537,0.7488
9542,0.7489
9543,0.7490
9547,0.7490
9551,0.7491
9554,0.7491
9554,0.7492
9556,0.7493
9559,0.7493
9560,0.7494
9563,0.7495
9565,0.7495
9566,0.7496
9568,0.7497
9570,0.7497
9571,0.7498
9575,0.7499
9580,0.7499
9585,0.7500
9589,0.7501
9591,0.7501
9591,0.7502
9595,0.7503
9600,0.7503
9604,0.7504
9607,0.7505
9609,0.7505
9614,0.7506
9615,0.7507
9620,0.7507
9621,0.7508
9622,0.7508
9626,0.7509
9628,0.7510
9632,0.7510
9633,0.7511
9636,0.7512
9639,0.7512
9643,0.7513
9647,0.7514
9651,0.7514
9655,0.7515
9656,0.7516
9657,0.7516
9658,0.7517
9660,0.7517
9661,0.7518
9663,0.7519
9667,0.7519
9672,0.7520
9677,0.7521
9677,0.7521
9679,0.7522
9681,0.7523
9685,0.7523
9687,0.7524
9692,0.7525
9695,0.7525
9697,0.7526
9698,0.7526
9703,0.7527
9704,0.7528
9708,0.7528
9709,0.7529
9711,0.7530
9713,0.7530
9714,0.7531
9718,0.7532
9723,0.7532
9726,0.7533
9730,0.7533
9734,0.7534
9737,0.7535
9739,0.7535
9741,0.7536
9745,0.7537
9748,0.7537
9751,0.7538
9755,0.7539
9756,0.7539
9760,0.7540
9764,0.7540
9768,0.7541
9770,0.7542
9773,0.7542
9776,0.7543
9777,0.7544
9781,0.7544
9786,0.7545
9788,0.7545
9791,0.7546
9793,0.7547
9797,0.7547
9802,0.7548
9805,0.7549
9809,0.7549
9812,0.7550
9812,0.7550
9814,0.7551
9814,0.7552
9815,0.7552
9815,0.7553
9818,0.7554
9820,0.7554
9824,0.7555
9824,0.7555
9829,0.7556
9832,0.7557
9835,0.7557
9840,0.7558
9843,0.7559
9846,0.7559
9851,0.7560
9851,0.7560
9852,0.7561
9855,0.7562
9859,0.7562
9864,0.7563
9869,0.7561
9872,0.7559
9875,0.7557
9879,0.7555
9882,0.7553
9885,0.7551
9887,0.7549
9888,0.7548
9892,0.7548
9894,0.7549
9895,0.7549
9897,0.7550
9900,0.7551
9901,0.7551
9903,0.7552
9905,0.7553
9908,0.7553
9912,0.7554
9915,0.7554
9920,0.7555
9925,0.7556
9928,0.7556
9929,0.7557
9933,0.7557
9937,0.7558
9938,0.7559
9943,0.7559
9948,0.7560
9950,0.7561
9953,0.7561
9955,0.7562
9958,0.7562
9962,0.7560
9967,0.7559
9971,0.7557
9976,0.7555
9978,0.7553
9980,0.7551
9983,0.7549
9986,0.7547
9987,0.7545
9989,0.7543
9989,0.7541
9993,0.7540
9995,0.7538
9999,0.7536
10004,0.7534
10008,0.7532
10012,0.7530
10014,0.7528
10017,0.7526
10020,0.7524
10023,0.7523
10026,0.7521
10027,0.7519
10032,0.7517
10035,0.7515
10040,0.7513
10042,0.7511
10043,0.7509
10046,0.7508
10051,0.7506
10055,0.7504
10059,0.7502
10059,0.7500
10060,0.7498
10062,0.7496
10064,0.7494
10066,0.7493
10069,0.7491
10073,0.7489
10076,0.7487
10078,0.7485
10082,0.7483
10083,0.7481
10088,0.7479
10089,0.7478
10090,0.7476
10093,0.7474
10094,0.7472
10096,0.7470
10099,0.7468
10100,0.7466
10104,0.7465
10106,0.7463
10109,0.7461
10113,0.7459
10115,0.7457
10120,0.7455
10122,0.7453
10125,0.7452
10125,0.7450
10128,0.7448
10132,0.7446
10133,0.7444
10136,0.7442
10139,0.7440
10140,0.7439
10143,0.7437
10148,0.7435
10152,0.7433
10156,0.7431
10157,0.7429
10157,0.7428
10162,0.7426
10162,0.7424
10165,0.7422
10167,0.7420
10171,0.7418
10175,0.7417
10176,0.7415
10177,0.7413
10180,0.7411
10181,0.7409
10183,0.7407
10183,0.7406
10185,0.7404
10187,0.7402
10188,0.7400
10190,0.7398
10192,0.7396
10196,0.7395
10199,0.7395
10204,0.7396
10205,0.7397
10209,0.7397
10212,0.7398
10213,0.7398
10217,0.7399
10221,0.7400
10222,0.7400
10226,0.7401
10228,0.7402
10232,0.7402
10234,0.7403
10234,0.7404
10235,0.7404
10236,0.7405
10236,0.7405
10240,0.7406
10241,0.7407
10245,0.7407
10250,0.7408
10252,0.7409
10253,0.7409
10255,0.7410
10258,0.7411
10262,0.7411
10265,0.7412
10266,0.7412
10266,0.7413
10267,0.7414
10270,0.7414
10275,0.7415
10277,0.7416
10279,0.7416
10284,0.7417
10287,0.7418
10287,0.7418
10287,0.7419
10291,0.7419
10291,0.7420
10294,0.7421
10297,0.7421
10299,0.7422
10302,0.7423
10304,0.7423
10309,0.7424
10309,0.7424
10312,0.7425
10316,0.7426
10319,0.7426
10323,0.7427
10324,0.7428
10325,0.7428
10327,0.7429
10331,0.7429
10335,0.7430
10337,0.7431
10339,0.7431
10342,0.7432
10342,0.7433
10342,0.7433
10344,0.7434
10349,0.7434
10353,0.7435
10357,0.7436
10360,0.7436
10362,0.7437
10366,0.7438
10369,0.7438
10372,0.7439
10374,0.7439
10374,0.7440
10379,0.7441
10379,0.7441
10382,0.7442
10387,0.7443
10391,0.7443
10394,0.7444
10396,0.7444
10401,0.7445
10404,0.7446
10408,0.7446
10409,0.7447
10411,0.7447
10415,0.7448
10416,0.7449
10416,0.7449
10421,0.7450
10421,0.7451
10423,0.7451
10425,0.7452
10426,0.7452
10429,0.7453
10433,0.7454
10436,0.7454
10438,0.7455
10438,0.7455
10441,0.7456
10444,0.7457
10444,0.7457
10446,0.7458
10448,0.7459
10451,0.7459
10455,0.7460
10458,0.7460
10458,0.7461
10458,0.7462
10460,0.7462
10461,0.7463
10463,0.7463
10467,0.7464
10471,0.7465
10475,0.7465
10476,0.7466
10478,0.7466
10483,0.7467
10485,0.7468
10490,0.7468
10493,0.7469
10495,0.7469
10500,0.7470
10502,0.7471
10504,0.7471
10506,0.7472
10506,0.7473
10511,0.7473
10512,0.7474
10515,0.7474
10518,0.7475
10523,0.7476
10525,0.7476
10527,0.7477
10531,0.7477
10534,0.7478
10538,0.7479
10543,0.7479
10548,0.7480
10549,0.7480
10552,0.7481
10553,0.7482
10554,0.7482
10556,0.7483
10561,0.7483
10561,0.7484
10562,0.7485
10565,0.7485
10568,0.7486
10573,0.7486
10574,0.7487
10579,0.7488
10580,0.7488
10582,0.7489
10584,0.7489
10585,0.7490
10587,0.7491
10589,0.7491
10592,0.7492
10593,0.7492
10597,0.7493
10598,0.7493
10601,0.7494
10606,0.7495
10608,0.7495
10610,0.7496
10613,0.7496
10614,0.7497
10618,0.7498
10619,0.7498
10623,0.7499
10627,0.7499
10627,0.7500
10632,0.7501
10636,0.7501
10637,0.7502
10641,0.7500
10642,0.7498
10645,0.7496
10648,0.7495
10652,0.7493
10654,0.7491
10656,0.7489
10658,0.7488
10658,0.7486
10661,0.7484
10666,0.7482
10669,0.7481
10673,0.7479
10675,0.7477
10676,0.7475
10680,0.7474
10681,0.7472
10685,0.7470
10688,0.7468
10691,0.7466
10692,0.7465
10695,0.7463
10697,0.7461
10700,0.7459
10703,0.7458
10705,0.7456
10705,0.7454
10708,0.7452
10710,0.7451
10715,0.7449
10717,0.7447
10719,0.7445
10720,0.7444
10721,0.7442
10726,0.7440
10727,0.7438
10731,0.7437
10731,0.7435
10731,0.7433
10736,0.7432
10739,0.7430
10740,0.7428
10741,0.7426
10741,0.7425
10742,0.7423
10746,0.7421
10750,0.7419
10751,0.7418
10752,0.7416
10753,0.7414
10758,0.7412
10759,0.7411
10760,0.7409
10765,0.7407
10769,0.7406
10772,0.7404
10775,0.7402
10778,0.7400
10780,0.7399
10781,0.7397
10782,0.7395
10784,0.7393
10789,0.7392
10792,0.7390
10796,0.7388
10800,0.7387
10804,0.7385
10805,0.7383
10806,0.7381
10808,0.7380
10813,0.7378
10813,0.7376
10816,0.7375
10819,0.7373
10822,0.7371
10825,0.7369
10827,0.7368
10828,0.7366
10830,0.7364
10833,0.7363
10838,0.7361
10840,0.7359
10842,0.7357
10842,0.7356
10847,0.7354
10849,0.7352
10850,0.7351
10852,0.7349
10855,0.7347
10859,0.7346
10861,0.7344
10865,0.7342
10869,0.7340
10871,0.7339
10873,0.7337
10875,0.7335
10877,0.7334
10882,0.7332
10887,0.7330
10891,0.7329
10892,0.7327
10895,0.7325
10896,0.7323
10897,0.7322
10898,0.7320
10899,0.7318
10900,0.7317
10903,0.7315
10908,0.7313
10912,0.7312
10915,0.7310
10919,0.7308
10921,0.7307
10923,0.7305
10927,0.7303
10931,0.7302
10932,0.7300
10933,0.7298
10934,0.7297
10939,0.7295
10940,0.7293
10940,0.7292
10945,0.7290
10950,0.7288
10951,0.7287
10952,0.7285
10955,0.7283
10960,0.7281
10961,0.7280
10966,0.7278
10968,0.7276
10968,0.7275
10973,0.7273
10977,0.7271
10981,0.7270
10984,0.7268
10988,0.7266
10988,0.7265
10991,0.7265
10995,0.7266
10995,0.7267
10999,0.7267
11003,0.7268
11007,0.7269
11011,0.7269
11016,0.7270
11018,0.7270
11021,0.7271
11022,0.7272
11027,0.7272
11028,0.7273
11028,0.7274
11032,0.7274
11035,0.7275
11035,0.7275
11037,0.7276
11038,0.7277
11043,0.7277
11046,0.7278
11051,0.7279
11052,0.7279
11056,0.7280
11057,0.7280
11058,0.7281
11063,0.7282
11067,0.7282
11070,0.7283
11070,0.7283
11071,0.7284
11072,0.7285
11075,0.7285
11076,0.7286
11079,0.7287
11084,0.7287
11088,0.7288
11091,0.7288
11092,0.7289
11092,0.7290
11095,0.7290
11097,0.7291
11101,0.7291
11102,0.7292
11107,0.7293
11110,0.7293
11114,0.7294
11114,0.7295
11114,0.7295
11119,0.7296
11124,0.7296
11126,0.7297
11130,0.7298
11130,0.7298
11135,0.7299
11140,0.7299
11144,0.7300
11149,0.7301
11154,0.7301
11158,0.7302
11161,0.7302
11164,0.7303
11166,0.7304
11170,0.7304
11175,0.7305
11178,0.7306
11180,0.7306
11184,0.7307
11188,0.7307
11191,0.7308
11192,0.7309
11193,0.7309
11193,0.7310
11196,0.7310
11196,0.7311
11197,0.7312
11198,0.7312
11200,0.7313
11202,0.7313
11203,0.7314
11206,0.7315
11207,0.7315
11210,0.7316
11211,0.7316
11211,0.7317
11216,0.7318
11220,0.7318
11223,0.7319
11223,0.7319
11226,0.7320
11226,0.7321
11226,0.7321
11230,0.7322
11231,0.7322
11233,0.7323
11236,0.7324
11238,0.7324
11239,0.7325
11241,0.7325
11243,0.7326
11245,0.7327
11246,0.7327
11251,0.7328
11253,0.7328
11256,0.7329
11258,0.7330
11259,0.7330
11261,0.7331
11261,0.7331
11266,0.7332
11266,0.7333
11267,0.7333
11271,0.7334
11273,0.7334
11277,0.7335
11279,0.7336
11279,0.7336
11280,0.7337
11282,0.7337
11285,0.7338
11287,0.7339
11288,0.7339
11291,0.7340
11295,0.7340
11299,0.7341
11303,0.7341
11305,0.7342
11310,0.7343
11311,0.7343
11312,0.7344
11316,0.7344
11320,0.7345
11322,0.7346
11325,0.7346
11326,0.7347
11327,0.7347
11327,0.7348
11332,0.7349
11336,0.7349
11341,0.7350
11344,0.7350
11348,0.7351
11351,0.7352
11356,0.7352
11359,0.7353
11361,0.7353
11363,0.7354
11365,0.7354
11366,0.7355
11370,0.7356
11372,0.7356
11375,0.7357
11376,0.7357
11379,0.7358
11384,0.7359
11386,0.7359
11388,0.7360
11391,0.7360
11394,0.7361
11399,0.7361
11404,0.7362
11405,0.7363
11409,0.7363
11412,0.7364
11417,0.7364
11420,0.7365
11422,0.7366
11422,0.7366
11426,0.7367
11427,0.7367
11429,0.7368
11432,0.7368
11436,0.7369
11440,0.7370
11442,0.7370
11445,0.7371
11447,0.7371
11447,0.7372
11448,0.7372
11448,0.7373
11451,0.7374
11451,0.7374
11453,0.7375
11456,0.7375
11457,0.7376
11458,0.7377
11462,0.7377
11462,0.7378
11466,0.7378
11468,0.7379
11471,0.7379
11474,0.7380
11474,0.7381
11477,0.7381
11481,0.7382
11484,0.7382
11485,0.7383
11488,0.7383
11489,0.7384
11490,0.7385
11495,0.7385
11496,0.7386
11497,0.7386
11499,0.7387
11501,0.7387
11503,0.7388
11504,0.7389
11505,0.7389
11508,0.7390
11510,0.7390
11510,0.7391
11511,0.7391
11511,0.7392
11515,0.7393
11517,0.7393
11521,0.7394
11525,0.7394
11526,0.7395
11526,0.7395
11528,0.7396
11530,0.7397
11531,0.7397
11531,0.7398
11536,0.7398
11538,0.7399
11539,0.7399
11540,0.7400
11541,0.7400
11545,0.7399
11547,0.7397
11548,0.7396
11552,0.7394
11553,0.7392
11557,0.7391
11560,0.7389
11563,0.7388
11564,0.7386
11569,0.7384
11572,0.7383
11572,0.7381
11576,0.7380
11577,0.7378
11581,0.7376
11583,0.7375
11587,0.7373
11588,0.7372
11591,0.7370
11592,0.7368
11596,0.7367
11597,0.7365
11598,0.7364
11600,0.7362
11602,0.7360
11605,0.7359
11606,0.7357
11608,0.7356
11610,0.7354
11615,0.7352
11620,0.7351
11623,0.7349
11627,0.7348
11628,0.7346
11629,0.7345
11633,0.7345
11635,0.7346
11637,0.7346
11637,0.7347
11640,0.7347
11643,0.7348
11644,0.7349
11645,0.7349
11645,0.7350
11648,0.7350
11650,0.7351
11654,0.7351
11657,0.7352
11660,0.7353
11665,0.7353
11668,0.7354
11672,0.7354
11674,0.7355
11676,0.7355
11679,0.7356
11681,0.7357
11683,0.7357
11685,0.7358
11687,0.7358
11690,0.7359
11693,0.7359
11695,0.7360
11696,0.7361
11696,0.7361
11701,0.7362
11701,0.7362
11706,0.7361
11708,0.7359
11708,0.7357
11711,0.7356
11711,0.7354
11713,0.7353
11714,0.7351
11715,0.7350
11717,0.7348
11720,0.7346
11724,0.7345
11727,0.7343
11729,0.7342
11733,0.7340
11736,0.7339
11739,0.7337
11740,0.7335
11745,0.7334
11748,0.7332
11753,0.7331
11754,0.7329
11758,0.7328
11762,0.7326
11763,0.7325
11765,0.7323
11767,0.7321
11770,0.7320
11772,0.7318
11776,0.7317
11781,0.7315
11784,0.7314
11789,0.7312
11790,0.7310
11795,0.7309
11799,0.7307
11799,0.7306
11803,0.7304
11803,0.7303
11807,0.7301
11808,0.7300
11811,0.7298
11815,0.7296
11818,0.7295
11822,0.7293
11823,0.7292
11827,0.7290
11828,0.7289
11833,0.7287
11834,0.7286
11838,0.7284
11841,0.7283
11843,0.7281
11845,0.7279
11846,0.7278
11848,0.7276
11851,0.7275
11852,0.7273
11855,0.7272
11858,0.7270
11859,0.7269
11860,0.7269
11864,0.7270
11868,0.7270
11869,0.7271
11874,0.7272
11875,0.7272
11878,0.7273
11880,0.7273
11880,0.7274
11884,0.7274
11889,0.7275
11891,0.7276
11893,0.7276
11897,0.7277
11902,0.7277
11902,0.7278
11903,0.7278
11906,0.7279
11909,0.7280
11909,0.7280
11910,0.7281
11913,0.7281
11915,0.7282
11916,0.7282
11917,0.7283
11920,0.7284
11924,0.7284
11929,0.7285
11933,0.7285
11934,0.7286
11936,0.7286
11937,0.7287
11939,0.7288
11940,0.7288
11941,0.7289
11944,0.7289
11947,0.7290
11948,0.7290
11952,0.7291
11952,0.7292
11953,0.7292
11957,0.7293
11961,0.7293
11962,0.7294
11964,0.7294
11965,0.7295
11967,0.7296
11967,0.7296
11972,0.7297
11973,0.7297
11976,0.7298
11977,0.7298
11982,0.7299
11986,0.7300
11987,0.7300
11991,0.7301
11995,0.7301
11996,0.7302
12000,0.7302
12005,0.7303
12006,0.7304
12007,0.7304
12008,0.7305
12012,0.7305
12014,0.7306
12016,0.7306
12021,0.7307
12023,0.7307
12026,0.7308
12030,0.7309
12032,0.7309
12032,0.7310
12037,0.7310
12038,0.7311
12041,0.7311
12043,0.7312
12047,0.7312
12049,0.7313
12050,0.7314
12053,0.7314
12057,0.7315
12060,0.7315
12064,0.7316
12065,0.7316
12067,0.7317
12070,0.7318
12074,0.7318
12074,0.7319
12076,0.7319
12078,0.7320
12082,0.7320
12084,0.7321
12089,0.7321
12093,0.7322
12094,0.7323
12098,0.7323
12101,0.7324
12102,0.7324
12103,0.7325
12105,0.7325
12107,0.7326
12110,0.7326
12113,0.7327
12118,0.7328
12118,0.7328
12121,0.7329
12123,0.7329
12126,0.7330
12130,0.7330
12135,0.7331
12140,0.7331
12141,0.7332
12142,0.7333
12143,0.7333
12144,0.7334
12149,0.7334
12154,0.7335
12157,0.7335
12161,0.7336
12163,0.7336
12165,0.7337
12170,0.7337
12173,0.7338
12176,0.7339
12178,0.7339
12179,0.7340
12181,0.7340
12183,0.7341
12185,0.7341
12188,0.7342
12189,0.7342
12194,0.7343
12198,0.7343
12198,0.7344
12200,0.7345
12204,0.7345
12205,0.7346
12209,0.7346
12212,0.7347
12215,0.7347
12219,0.7348
12222,0.7348
12224,0.7349
12228,0.7349
12229,0.7350
12229,0.7351
12230,0.7351
12231,0.7352
12236,0.7352
12236,0.7353
12238,0.7353
12239,0.7354
12242,0.7354
12246,0.7355
12249,0.7355
12252,0.7356
12255,0.7355
12255,0.7353
12259,0.7354
12264,0.7354
12264,0.7355
12266,0.7355
12267,0.7356
12268,0.7356
12273,0.7357
12277,0.7357
12279,0.7358
12280,0.7358
12284,0.7359
12287,0.7359
12288,0.7360
12289,0.7361
12292,0.7361
12297,0.7362
12298,0.7362
12300,0.7363
12301,0.7363
12305,0.7364
12307,0.7364
12307,0.7365
12309,0.7365
12312,0.7366
12316,0.7366
12321,0.7367
12324,0.7368
12326,0.7368
12327,0.7369
12331,0.7369
12334,0.7370
12337,0.7370
12339,0.7371
12340,0.7371
12343,0.7372
12345,0.7372
12349,0.7373
12353,0.7373
12353,0.7374
12354,0.7375
12357,0.7375
12361,0.7376
12362,0.7376
12363,0.7377
12365,0.7377
12366,0.7378
12367,0.7378
12369,0.7379
12372,0.7379
12377,0.7380
12379,0.7380
12382,0.7381
12385,0.7381
12388,0.7382
12388,0.7382
12389,0.7383
12393,0.7384
12397,0.7384
12397,0.7385
12398,0.7385
12399,0.7386
12399,0.7386
12401,0.7387
12402,0.7387
12405,0.7388
12408,0.7388
12410,0.7389
12414,0.7389
12415,0.7390
12416,0.7390
12419,0.7391
12423,0.7391
12425,0.7392
12425,0.7393
12426,0.7393
12429,0.7394
12431,0.7394
12435,0.7395
12437,0.7395
12440,0.7396
12441,0.7396
12445,0.7397
12448,0.7397
12452,0.7398
12455,0.7398
12460,0.7399
12462,0.7399
12465,0.7400
12469,0.7400
12470,0.7401
12473,0.7401
12474,0.7402
12475,0.7402
12479,0.7403
12481,0.7404
12483,0.7404
12483,0.7405
12483,0.7405
12486,0.7406
12490,0.7406
12495,0.7407
12497,0.7407
12501,0.7408
12505,0.7408
12509,0.7409
12510,0.7409
12514,0.7410
12518,0.7410
12521,0.7411
12525,0.7411
12525,0.7412
12526,0.7412
12530,0.7411
12532,0.7409
12535,0.7408
12538,0.7406
12539,0.7405
12542,0.7403
12543,0.7402
12546,0.7401
12550,0.7399
12554,0.7398
12556,0.7396
12558,0.7395
12558,0.7393
12559,0.7392
12562,0.7390
12567,0.7389
12568,0.7387
12573,0.7386
12576,0.7384
12576,0.7383
12579,0.7381
12580,0.7380
12582,0.7378
12583,0.7377
12588,0.7375
12590,0.7374
12592,0.7373
12594,0.7371
12595,0.7370
12598,0.7368
12601,0.7367
12605,0.7365
12608,0.7364
12612,0.7362
12612,0.7361
12617,0.7359
12621,0.7360
12624,0.7360
12628,0.7361
12631,0.7361
12635,0.7362
12639,0.7362
12642,0.7363
12644,0.7364
12647,0.7364
12648,0.7365
12649,0.7365
12653,0.7366
12655,0.7366
12658,0.7367
12658,0.7367
12658,0.7368
12660,0.7368
12660,0.7369
12662,0.7369
12665,0.7370
12665,0.7370
12667,0.7371
12668,0.7371
12671,0.7372
12671,0.7372
12675,0.7373
12678,0.7373
12682,0.7374
12682,0.7374
12682,0.7375
12684,0.7375
12685,0.7376
12685,0.7377
12690,0.7377
12692,0.7378
12695,0.7378
12696,0.7379
12701,0.7379
12705,0.7380
12706,0.7380
12707,0.7381
12712,0.7381
12714,0.7382
12719,0.7382
12720,0.7383
12723,0.7383
12725,0.7384
12726,0.7384
12728,0.7385
12731,0.7385
12734,0.7386
12739,0.7386
12740,0.7387
12742,0.7387
12746,0.7388
12748,0.7388
12749,0.7389
12749,0.7389
12752,0.7390
12755,0.7390
12755,0.7391
12756,0.7391
12759,0.7392
12760,0.7392
12763,0.7393
12766,0.7394
12767,0.7394
12769,0.7395
12769,0.7395
12770,0.7396
12774,0.7396
12777,0.7397
12781,0.7397
12783,0.7398
12784,0.7398
12788,0.7399
12790,0.7399
12791,0.7400
12795,0.7400
12799,0.7401
12803,0.7401
12804,0.7402
12806,0.7402
12809,0.7403
12811,0.7403
12811,0.7404
12812,0.7404
12817,0.7405
12820,0.7405
12822,0.7406
12826,0.7406
12829,0.7407
12832,0.7407
12836,0.7408
12838,0.7408
12841,0.7409
12845,0.7409
12849,0.7410
12850,0.7410
12850,0.7411
12852,0.7411
12852,0.7412
12854,0.7412
12854,0.7413
12859,0.7413
12860,0.7414
12863,0.7414
12865,0.7415
12870,0.7415
12873,0.7416
12875,0.7416
12877,0.7417
12879,0.7417
12879,0.7418
12879,0.7418
12880,0.7419
12884,0.7419
12887,0.7420
12889,0.7420
12891,0.7421
12896,0.7421
12898,0.7422
12903,0.7422
12905,0.7423
12909,0.7423
12910,0.7424
12911,0.7424
12914,0.7425
12915,0.7425
12916,0.7426
12916,0.7426
12916,0.7427
12918,0.7427
12921,0.7428
12922,0.7428
12922,0.7429
12926,0.7429
12927,0.7430
12931,0.7430
12933,0.7431
12937,0.7431
12938,0.7432
12942,0.7432
12945,0.7433
12948,0.7433
12953,0.7434
12954,0.7434
12955,0.7435
12956,0.7435
12960,0.7436
12965,0.7436
12969,0.7437
12974,0.7437
12978,0.7438
12980,0.7438
12983,0.7439
12988,0.7439
12991,0.7440
12993,0.7440
12993,0.7441
12996,0.7441
12999,0.7442
13002,0.7442
13004,0.7443
13005,0.7443
13006,0.7444
13008,0.7444
13010,0.7445
13012,0.7445
13015,0.7446
13015,0.7446
13019,0.7447
13024,0.7447
13027,0.7448
13029,0.7448
13034,0.7449
13037,0.7449
13039,0.7450
13042,0.7450
13046,0.7451
13050,0.7451
13054,0.7452
13056,0.7452
13060,0.7453
13063,0.7453
13066,0.7453
13066,0.7454
13071,0.7454
13075,0.7455
13078,0.7455
13081,0.7456
13083,0.7456
13084,0.7457
13088,0.7457
13091,0.7458
13092,0.7458
13092,0.7459
13094,0.7459
13098,0.7460
13099,0.7460
13100,0.7461
13103,0.7461
13105,0.7462
13108,0.7462
13112,0.7463
13112,0.7463
13113,0.7464
13114,0.7464
13116,0.7465
13119,0.7465
13124,0.7466
13128,0.7466
13131,0.7467
13133,0.7467
13137,0.7468
13139,0.7468
13142,0.7469
13142,0.7469
13146,0.7470
13150,0.7470
13152,0.7470
13156,0.7471
13160,0.7471
13161,0.7472
13165,0.7472
13168,0.7473
13172,0.7473
13173,0.7474
13177,0.7474
13178,0.7475
13179,0.7475
13179,0.7476
13182,0.7476
13185,0.7477
13187,0.7477
13189,0.7478
13192,0.7478
13195,0.7479
13199,0.7479
13200,0.7480
13202,0.7480
13202,0.7481
13204,0.7481
13206,0.7482
13211,0.7482
13214,0.7482
13215,0.7483
13219,0.7483
13222,0.7484
13224,0.7484
13228,0.7485
13229,0.7485
13233,0.7486
13234,0.7486
13237,0.7487
13241,0.7487
13245,0.7488
13250,0.7488
13250,0.7489
13254,0.7489
13255,0.7490
13255,0.7490
13259,0.7491
13262,0.7491
13265,0.7491
13268,0.7492
13271,0.7492
13272,0.7493
13273,0.7493
13273,0.7494
13274,0.7494
13278,0.7495
13281,0.7495
13284,0.7496
13287,0.7496
13290,0.7497
13294,0.7497
13294,0.7498
13295,0.7498
13295,0.7499
13299,0.7499
13299,0.7500
13299,0.7500
13301,0.7500
13305,0.7501
13310,0.7500
13314,0.7498
13315,0.7497
13318,0.7495
13321,0.7494
13322,0.7492
13323,0.7491
13327,0.7490
13332,0.7488
13334,0.7487
13337,0.7485
13340,0.7484
13345,0.7483
13347,0.7481
13349,0.7480
13353,0.7478
13357,0.7477
13357,0.7476
13360,0.7474
13365,0.7473
13367,0.7471
13371,0.7470
13373,0.7469
13375,0.7467
13379,0.7466
13380,0.7464
13381,0.7463
13386,0.7462
13386,0.7460
13387,0.7459
13388,0.7457
13389,0.7456
13391,0.7455
13395,0.7453
13396,0.7452
13399,0.7450
13401,0.7449
13406,0.7448
13411,0.7446
13414,0.7445
13414,0.7444
13415,0.7442
13416,0.7441
13421,0.7439
13424,0.7438
13425,0.7437
13428,0.7435
13429,0.7434
13433,0.7432
13437,0.7431
13441,0.7430
13444,0.7428
13444,0.7427
13448,0.7425
13450,0.7424
13453,0.7423
13454,0.7421
13458,0.7420
13460,0.7419
13460,0.7417
13463,0.7416
13464,0.7414
13466,0.7413
13468,0.7412
13469,0.7410
13473,0.7409
13477,0.7408
13481,0.7406
13483,0.7405
13484,0.7403
13485,0.7402
13488,0.7401
13490,0.7399
13493,0.7398
13497,0.7397
13498,0.7395
13501,0.7394
13503,0.7392
13507,0.7391
13508,0.7390
13512,0.7388
13512,0.7387
13514,0.7386
13517,0.7384
13521,0.7383
13522,0.7381
13523,0.7380
13526,0.7379
13530,0.7377
13530,0.7376
13530,0.7375
13531,0.7373
13533,0.7372
13537,0.7371
13538,0.7369
13540,0.7368
13542,0.7366
13546,0.7365
13549,0.7364
13551,0.7362
13553,0.7361
13554,0.7360
13555,0.7358
13557,0.7357
13561,0.7356
13566,0.7354
13570,0.7353
13575,0.7352
13576,0.7350
13580,0.7349
13581,0.7347
13583,0.7346
13586,0.7345
13588,0.7343
13592,0.7342
13594,0.7341
13598,0.7339
13599,0.7338
13600,0.7337
13601,0.7335
13605,0.7334
13609,0.7333
13611,0.7331
13611,0.7330
13614,0.7329
13616,0.7327
13617,0.7326
13618,0.7325
13619,0.7323
13620,0.7322
13624,0.7320
13628,0.7319
13629,0.7318
13633,0.7316
13635,0.7315
13635,0.7314
13639,0.7312
13643,0.7311
13644,0.7310
13649,0.7308
13652,0.7307
13655,0.7306
13655,0.7304
13657,0.7303
13658,0.7302
13663,0.7300
13663,0.7299
13668,0.7298
13672,0.7296
13673,0.7295
13678,0.7294
13680,0.7292
13685,0.7291
13687,0.7290
13689,0.7288
13692,0.7287
13693,0.7286
13693,0.7284
13698,0.7283
13698,0.7282
13700,0.7280
13702,0.7279
13705,0.7278
13708,0.7276
13713,0.7275
13717,0.7274
13718,0.7272
13721,0.7271
13724,0.7270
13724,0.7268
13726,0.7267
13728,0.7268
13732,0.7268
13736,0.7269
13740,0.7269
13745,0.7270
13748,0.7270
13749,0.7271
13753,0.7271
13753,0.7272
13754,0.7272
13756,0.7273
13756,0.7273
13757,0.7274
13761,0.7274
13761,0.7275
13763,0.7275
13763,0.7276
13768,0.7276
13769,0.7277
13770,0.7277
13773,0.7278
13776,0.7278
13777,0.7279
13779,0.7279
13783,0.7279
13787,0.7280
13791,0.7280
13792,0.7281
13796,0.7281
13800,0.7282
13802,0.7282
13805,0.7283
13806,0.7283
13810,0.7284
13813,0.7284
13813,0.7285
13816,0.7285
13818,0.7286
13818,0.7286
13821,0.7287
13823,0.7287
13827,0.7288
13832,0.7288
13835,0.7289
13835,0.7289
13836,0.7290
13840,0.7290
13841,0.7291
13843,0.7291
13843,0.7292
13847,0.7292
13849,0.7293
13853,0.7293
13853,0.7294
13857,0.7294
13860,0.7295
13862,0.7295
13865,0.7296
13866,0.7296
13870,0.7297
13871,0.7297
13874,0.7298
13876,0.7298
13879,0.7299
13881,0.7299
13886,0.7300
13889,0.7300
13892,0.7301
13896,0.7301
13897,0.7302
13902,0.7302
13903,0.7303
13905,0.7303
13907,0.7303
13911,0.7304
13916,0.7304
13916,0.7305
13919,0.7305
13922,0.7306
13922,0.7306
13926,0.7307
13928,0.7307
13929,0.7308
13933,0.7308
13933,0.7309
13934,0.7309
13934,0.7310
13935,0.7310
13936,0.7311
13936,0.7311
13940,0.7312
13941,0.7312
13941,0.7313
13942,0.7313
13946,0.7314
13946,0.7314
13947,0.7315
13951,0.7315
13954,0.7316
13959,0.7316
13962,0.7317
13963,0.7317
13968,0.7317
13972,0.7318
13975,0.7318
13980,0.7319
13985,0.7319
13989,0.7320
13990,0.7320
13991,0.7321
13993,0.7321
13998,0.7322
13998,0.7322
14000,0.7323
14005,0.7323
14007,0.7324
14011,0.7324
14013,0.7325
14018,0.7325
14022,0.7326
14023,0.7326
14025,0.7327
14027,0.7327
14030,0.7328
14033,0.7328
14036,0.7328
14039,0.7329
14042,0.7329
14045,0.7330
14046,0.7330
14049,0.7331
14053,0.7331
14058,0.7332
14062,0.7332
14067,0.7333
14069,0.7333
14070,0.7334
14071,0.7334
14073,0.7335
14076,0.7335
14077,0.7336
14077,0.7336
14082,0.7337
14083,0.7337
14085,0.7337
14086,0.7338
14086,0.7338
14089,0.7339
14094,0.7339
14098,0.7340
14101,0.7340
14103,0.7341
14106,0.7341
14108,0.7342
14112,0.7342
14116,0.7343
14120,0.7343
14123,0.7344
14123,0.7344
14125,0.7345
14129,0.7345
14132,0.7345
14134,0.7346
14136,0.7346
14137,0.7347
14141,0.7347
14144,0.7348
14148,0.7348
14149,0.7349
14150,0.7349
14151,0.7350
14154,0.7350
14158,0.7351
14162,0.7351
14167,0.7352
14169,0.7352
14174,0.7353
14175,0.7353
14176,0.7353
14179,0.7354
14181,0.7354
14182,0.7355
14187,0.7355
14188,0.7356
14190,0.7356
14191,0.7357
14194,0.7357
14197,0.7358
14202,0.7358
14204,0.7359
14208,0.7359
14212,0.7360
14212,0.7360
14213,0.7360
14214,0.7361
14215,0.7361
14218,0.7362
14219,0.7362
14220,0.7363
14221,0.7363
14226,0.7364
14229,0.7364
14229,0.7365
14232,0.7365
14235,0.7366
14239,0.7366
14240,0.7365
14244,0.7363
14248,0.7362
14249,0.7361
14253,0.7360
14257,0.7358
14257,0.7357
14259,0.7356
14263,0.7354
14266,0.7353
14267,0.7352
14268,0.7351
14269,0.7349
14270,0.7348
14270,0.7347
14271,0.7345
14271,0.7344
14274,0.7343
14279,0.7342
14282,0.7340
14284,0.7339
14285,0.7338
14290,0.7336
14294,0.7335
14294,0.7334
14297,0.7333
14298,0.7331
14299,0.7330
14303,0.7329
14305,0.7327
14308,0.7326
14311,0.7325
14315,0.7324
14317,0.7322
14320,0.7321
14320,0.7320
14325,0.7318
14329,0.7317
14330,0.7316
14334,0.7315
14338,0.7313
14340,0.7312
14340,0.7311
14345,0.7310
14349,0.7308
14350,0.7307
14351,0.7306
14351,0.7304
14353,0.7303
14354,0.7302
14357,0.7301
14357,0.7299
14362,0.7298
14366,0.7297
14371,0.7296
14371,0.7294
14374,0.7293
14378,0.7292
14383,0.7290
14387,0.7289
14392,0.7288
14396,0.7287
14397,0.7285
14398,0.7284
14403,0.7283
14407,0.7282
14408,0.7280
14412,0.7279
14412,0.7278
14416,0.7277
14418,0.7275
14420,0.7274
14422,0.7273
14423,0.7271
14425,0.7270
14426,0.7269
14430,0.7268
14431,0.7266
14433,0.7265
14437,0.7264
14438,0.7263
14441,0.7261
14441,0.7260
14444,0.7259
14446,0.7258
14451,0.7256
14451,0.7255
14453,0.7254
14455,0.7253
14458,0.7251
14461,0.7250
14464,0.7249
14466,0.7248
40647,0.7246
40650,0.7245
40654,0.7244
40654,0.7243
40658,0.7241
40658,0.7240
40660,0.7239
40662,0.7238
40667,0.7236
40671,0.7235
40673,0.7234
40677,0.7233
40679,0.7231
40680,0.7230
40681,0.7229
40682,0.7228
40687,0.7226
40688,0.7225
40692,0.7224
40695,0.7223
40696,0.7221
40699,0.7220
40701,0.7219
40705,0.7218
40709,0.7216
40711,0.7215
40714,0.7214
40718,0.7213
40722,0.7211
40726,0.7210
40731,0.7209
40731,0.7208
40733,0.7206
40735,0.7205
40737,0.7204
40742,0.7203
40746,0.7202
40750,0.7200
40754,0.7199
40755,0.7198
40757,0.7197
40759,0.7195
40762,0.7194
40766,0.7193
40766,0.7192
40768,0.7190
40771,0.7189
40772,0.7188
40776,0.7187
40779,0.7185
40781,0.7184
40783,0.7183
40785,0.7182
40790,0.7181
40795,0.7179
40796,0.7178
40799,0.7177
40803,0.7176
40804,0.7174
40808,0.7173
40809,0.7172
40809,0.7171
40811,0.7169
40814,0.7170
40814,0.7170
40819,0.7171
40820,0.7171
40824,0.7172
40824,0.7172
40827,0.7173
40830,0.7173
40830,0.7174
40832,0.7174
40833,0.7175
40836,0.7175
40839,0.7176
40844,0.7176
40845,0.7177
40845,0.7177
40848,0.7178
40850,0.7178
40853,0.7179
40857,0.7179
40860,0.7180
40863,0.7180
40867,0.7181
40872,0.7181
40874,0.7182
40877,0.7182
40878,0.7182
40880,0.7183
40884,0.7183
40885,0.7184
40887,0.7184
40888,0.7185
40890,0.7185
40894,0.7186
40895,0.7186
40896,0.7187
40900,0.7187
40901,0.7188
40902,0.7188
40907,0.7189
40911,0.7189
40913,0.7190
40915,0.7190
40920,0.7191
40925,0.7191
40926,0.7192
40927,0.7192
40929,0.7193
40929,0.7193
40930,0.7193
40932,0.7194
40937,0.7194
40940,0.7195
40943,0.7195
40948,0.7196
40950,0.7196
40954,0.7197
40955,0.7197
40958,0.7198
40961,0.7198
40964,0.7199
40966,0.7199
40970,0.7200
40971,0.7200
40971,0.7201
40976,0.7201
40981,0.7202
40985,0.7202
40988,0.7203
40992,0.7203
40995,0.7203
40999,0.7204
41000,0.7204
41003,0.7205
41003,0.7205
41004,0.7206
41007,0.7206
41010,0.7207
41011,0.7207
41011,0.7208
41014,0.7208
41018,0.7209
41021,0.7209
41022,0.7210
41022,0.7210
41025,0.7211
41029,0.7211
41032,0.7211
41036,0.7212
41036,0.7212
41038,0.7213
41039,0.7213
41041,0.7214
41046,0.7214
41047,0.7215
41051,0.7215
41052,0.7216
41055,0.7216
41059,0.7217
41063,0.7217
41066,0.7218
41068,0.7218
41070,0.7218
41072,0.7219
41074,0.7219
41074,0.7220
41075,0.7220
41076,0.7221
41078,0.7221
41080,0.7222
41084,0.7222
41085,0.7223
41090,0.7223
41091,0.7224
41096,0.7224
41098,0.7225
41102,0.7225
41105,0.7225
41109,0.7226
41111,0.7226
41114,0.7227
41119,0.7227
41121,0.7228
41123,0.7228
41127,0.7229
41129,0.7229
41132,0.7230
41136,0.7230
41137,0.7231
41140,0.7231
41142,0.7232
41143,0.7232
41146,0.7232
41146,0.7233
41151,0.7233
41151,0.7234
41152,0.7234
41154,0.7235
41155,0.7235
41159,0.7236
41159,0.7236
41161,0.7237
41163,0.7237
41166,0.7238
41170,0.7238
41175,0.7238
41177,0.7239
41182,0.7239
41183,0.7240
41185,0.7240
41188,0.7241
41193,0.7241
41197,0.7242
41198,0.7242
41198,0.7243
41199,0.7243
41202,0.7244
41204,0.7244
41205,0.7244
41208,0.7245
41211,0.7245
41216,0.7246
41220,0.7246
41222,0.7247
41223,0.7247
41225,0.7248
41227,0.7248
41227,0.7249
41232,0.7249
41236,0.7249
41240,0.7250
41243,0.7250
41248,0.7251
41252,0.7251
41256,0.7252
41259,0.7252
41263,0.7253
41264,0.7253
41264,0.7254
41267,0.7254
41268,0.7254
41270,0.7255
41272,0.7255
41273,0.7256
41278,0.7256
41279,0.7257
41279,0.7257
41280,0.7258
41281,0.7258
41284,0.7259
41285,0.7259
41288,0.7259
41289,0.7260
41290,0.7260
41290,0.7261
